Body,Head,Head_Coverage,Std_Confidence,PCA_Confidence,Positive_Examples,Body_size,PCA_Body_size,Functional_variable
?b  husband  ?a   ,?a  wife  ?b,0.8,0.812362031,0.965879265,736,906,762,?a
?b  wife  ?a   ,?a  husband  ?b,0.812362031,0.8,0.977423639,736,920,753,?b
?b  uncle  ?a   ,?a  son  ?b,0.186613727,0.094867359,0.174814028,329,3468,1882,?a
?b  mother  ?a   ,?a  son  ?b,0.399886557,0.386725178,0.702891326,705,1823,1003,?a
?a  nephew  ?b   ,?a  son  ?b,0.243902439,0.127031019,0.134291068,430,3385,3202,?a
?b  father  ?a   ,?a  son  ?b,0.435053885,0.420043812,0.798126951,767,1826,961,?a
?b  aunt  ?a   ,?a  son  ?b,0.099262621,0.061039414,0.117924528,175,2867,1484,?a
?b  aunt  ?a   ,?a  daughter  ?b,0.111188811,0.055458668,0.170053476,159,2867,935,?b
?a  niece  ?b   ,?a  daughter  ?b,0.200699301,0.112372749,0.299582463,287,2554,958,?b
?b  uncle  ?a   ,?a  daughter  ?b,0.176223776,0.07266436,0.189047262,252,3468,1333,?b
?b  father  ?a   ,?a  daughter  ?b,0.447552448,0.350492881,0.535564854,640,1826,1195,?b
?b  mother  ?a   ,?a  daughter  ?b,0.384615385,0.301700494,0.472508591,550,1823,1164,?b
?a  aunt  ?b   ,?a  mother  ?b,0.172792101,0.109870945,0.134328358,315,2867,2345,?b
?b  daughter  ?a   ,?a  mother  ?b,0.301700494,0.384615385,0.498640073,550,1430,1103,?b
?b  son  ?a   ,?a  mother  ?b,0.386725178,0.399886557,0.501779359,705,1763,1405,?b
?a  uncle  ?b   ,?a  father  ?b,0.32475356,0.170991926,0.211107156,593,3468,2809,?b
?b  daughter  ?a   ,?a  father  ?b,0.350492881,0.447552448,0.528488852,640,1430,1211,?b
?b  son  ?a   ,?a  father  ?b,0.420043812,0.435053885,0.515803631,767,1763,1487,?b
?b  aunt  ?a   ,?a  niece  ?b,0.368833203,0.328566446,0.379685611,942,2867,2481,?b
?b  uncle  ?a   ,?a  niece  ?b,0.415818324,0.306228374,0.367601246,1062,3468,2889,?b
?b  mother  ?a   ,?a  niece  ?b,0.043069695,0.060340099,0.303867403,110,1823,362,?b
?b  father  ?a   ,?a  niece  ?b,0.061863743,0.08652793,0.332631579,158,1826,475,?b
?a  daughter  ?b   ,?a  niece  ?b,0.112372749,0.200699301,0.734015345,287,1430,391,?b
?b  nephew  ?a   ,?a  aunt  ?b,0.416811999,0.353028065,0.402356902,1195,3385,2970,?b
?b  niece  ?a   ,?a  aunt  ?b,0.328566446,0.368833203,0.399491094,942,2554,2358,?b
?a  mother  ?b   ,?a  aunt  ?b,0.109870945,0.172792101,0.31374502,315,1823,1004,?b
?b  daughter  ?a   ,?a  aunt  ?b,0.055458668,0.111188811,0.212851406,159,1430,747,?b
?b  son  ?a   ,?a  aunt  ?b,0.061039414,0.099262621,0.189804772,175,1763,922,?b
?b  mother  ?a   ,?a  nephew  ?b,0.051107829,0.094898519,0.378555799,173,1823,457,?b
?b  uncle  ?a   ,?a  nephew  ?b,0.424519941,0.414359862,0.455611921,1437,3468,3154,?b
?b  father  ?a   ,?a  nephew  ?b,0.080059084,0.148411829,0.477954145,271,1826,567,?b
?b  aunt  ?a   ,?a  nephew  ?b,0.353028065,0.416811999,0.439338235,1195,2867,2720,?b
?a  son  ?b   ,?a  nephew  ?b,0.127031019,0.243902439,0.774774775,430,1763,555,?b
?b  brother  ?a   ,?a  sister  ?b,0.354896355,0.280191874,0.355023239,993,3544,2797,?b
?b  sister  ?a   ,?a  sister  ?b,0.426733381,0.426733381,0.472497032,1194,2798,2527,?b
?b  daughter  ?a   ,?a  uncle  ?b,0.07266436,0.176223776,0.307317073,252,1430,820,?b
?a  father  ?b   ,?a  uncle  ?b,0.170991926,0.32475356,0.594784353,593,1826,997,?b
?b  nephew  ?a   ,?a  uncle  ?b,0.414359862,0.424519941,0.454315523,1437,3385,3163,?b
?b  son  ?a   ,?a  uncle  ?b,0.094867359,0.186613727,0.308920188,329,1763,1065,?b
?b  niece  ?a   ,?a  uncle  ?b,0.306228374,0.415818324,0.43866171,1062,2554,2421,?b
?b  sister  ?a   ,?a  brother  ?b,0.280191874,0.354896355,0.391098858,993,2798,2539,?b
?b  brother  ?a   ,?a  brother  ?b,0.503950339,0.503950339,0.550724638,1786,3544,3243,?b
?a  sister  ?f  ?f  wife  ?b   ,?a  wife  ?b,0.218478261,0.282700422,0.417012448,201,711,482,?a
?b  husband  ?f  ?a  sister  ?f   ,?a  wife  ?b,0.189130435,0.217772215,0.353658537,174,799,492,?a
?b  father  ?f  ?f  niece  ?a   ,?a  wife  ?b,0.07173913,0.051282051,0.184357542,66,1287,358,?a
?f  daughter  ?a  ?b  father  ?f   ,?a  wife  ?b,0.304347826,0.32672112,0.962199313,280,857,291,?a
?b  father  ?f  ?f  son  ?a   ,?a  wife  ?b,0.410869565,0.362068966,0.959390863,378,1044,394,?a
?f  son  ?a  ?b  uncle  ?f   ,?a  wife  ?b,0.172826087,0.087603306,0.209486166,159,1815,759,?a
?b  brother  ?f  ?a  wife  ?f   ,?a  wife  ?b,0.340217391,0.24743083,0.24743083,313,1265,1265,?a
?a  aunt  ?f  ?b  father  ?f   ,?a  wife  ?b,0.15,0.133980583,0.219395866,138,1030,629,?a
?f  brother  ?b  ?a  wife  ?f   ,?a  wife  ?b,0.340217391,0.161757106,0.161757106,313,1935,1935,?a
?b  brother  ?f  ?f  husband  ?a   ,?a  wife  ?b,0.256521739,0.208849558,0.244559585,236,1130,965,?a
?b  father  ?f  ?a  mother  ?f   ,?a  wife  ?b,0.633695652,0.784656797,0.954173486,583,743,611,?a
?f  daughter  ?b  ?a  mother  ?f   ,?a  wife  ?b,0.332608696,0.363420428,0.460843373,306,842,664,?a
?a  mother  ?f  ?f  son  ?b   ,?a  wife  ?b,0.429347826,0.368126747,0.447845805,395,1073,882,?a
?a  aunt  ?f  ?f  son  ?b   ,?a  wife  ?b,0.102173913,0.061720289,0.101952278,94,1523,922,?a
?a  aunt  ?f  ?f  daughter  ?b   ,?a  wife  ?b,0.084782609,0.063106796,0.102766798,78,1236,759,?a
?e  daughter  ?a  ?e  daughter  ?b   ,?a  wife  ?b,0.293478261,0.1659496,0.447761194,270,1627,603,?a
?b  husband  ?f  ?f  sister  ?a   ,?a  wife  ?b,0.189130435,0.111825193,0.348697395,174,1556,499,?a
?b  father  ?f  ?f  nephew  ?a   ,?a  wife  ?b,0.119565217,0.062322946,0.220883534,110,1765,498,?a
?a  mother  ?f  ?b  uncle  ?f   ,?a  wife  ?b,0.263043478,0.179791976,0.219600726,242,1346,1102,?a
?f  daughter  ?a  ?b  uncle  ?f   ,?a  wife  ?b,0.12826087,0.080821918,0.195688226,118,1460,603,?a
?e  brother  ?b  ?e  husband  ?a   ,?a  wife  ?b,0.256521739,0.136732329,0.160544218,236,1726,1470,?a
?e  nephew  ?a  ?e  son  ?b   ,?a  wife  ?b,0.1,0.028723072,0.104426788,92,3203,881,?a
?a  father  ?f  ?b  mother  ?f   ,?a  husband  ?b,0.600441501,0.732166891,0.951048951,544,743,572,?b
?e  son  ?a  ?e  son  ?b   ,?a  wife  ?b,0.360869565,0.169820972,0.424010217,332,1955,783,?a
?e  sister  ?a  ?e  wife  ?b   ,?a  wife  ?b,0.218478261,0.143366619,0.41875,201,1402,480,?a
?b  mother  ?f  ?a  uncle  ?f   ,?a  husband  ?b,0.24392936,0.164190193,0.224821974,221,1346,983,?b
?a  husband  ?f  ?b  sister  ?f   ,?a  husband  ?b,0.24392936,0.276595745,0.391150442,221,799,565,?b
?b  aunt  ?f  ?a  father  ?f   ,?a  husband  ?b,0.1401766,0.123300971,0.199372057,127,1030,637,?b
?f  daughter  ?b  ?a  father  ?f   ,?a  husband  ?b,0.301324503,0.318553092,0.961267606,273,857,284,?b
?a  father  ?f  ?f  son  ?b   ,?a  husband  ?b,0.39183223,0.340038314,0.959459459,355,1044,370,?b
?a  husband  ?f  ?f  sister  ?b   ,?a  husband  ?b,0.24392936,0.142030848,0.393238434,221,1556,562,?b
?a  father  ?f  ?f  niece  ?b   ,?a  husband  ?b,0.068432671,0.048174048,0.169863014,62,1287,365,?b
?f  brother  ?a  ?b  wife  ?f   ,?a  husband  ?b,0.260485651,0.121963824,0.159567275,236,1935,1479,?b
?a  father  ?f  ?f  nephew  ?b   ,?a  husband  ?b,0.104856512,0.053824363,0.189243028,95,1765,502,?b
?a  brother  ?f  ?b  wife  ?f   ,?a  husband  ?b,0.260485651,0.186561265,0.244053775,236,1265,967,?b
?b  sister  ?f  ?f  wife  ?a   ,?a  husband  ?b,0.19205298,0.244725738,0.354378819,174,711,491,?b
?f  daughter  ?b  ?a  uncle  ?f   ,?a  husband  ?b,0.12803532,0.079452055,0.208633094,116,1460,556,?b
?f  son  ?b  ?a  uncle  ?f   ,?a  husband  ?b,0.161147903,0.080440771,0.215657312,146,1815,677,?b
?e  brother  ?a  ?e  husband  ?b   ,?a  husband  ?b,0.309050773,0.162224797,0.162224797,280,1726,1726,?b
?e  son  ?a  ?e  son  ?b   ,?a  husband  ?b,0.345474614,0.160102302,0.421832884,313,1955,742,?b
?e  sister  ?b  ?e  wife  ?a   ,?a  husband  ?b,0.19205298,0.124108417,0.363256785,174,1402,479,?b
?f  daughter  ?a  ?b  mother  ?f   ,?a  husband  ?b,0.312362031,0.336104513,0.4528,283,842,625,?b
?b  aunt  ?a  ?b  mother  ?a   ,?a  son  ?b,0.077708452,0.434920635,0.840490798,137,315,163,?a
?b  father  ?f  ?f  sister  ?a   ,?a  son  ?b,0.209869541,0.355086372,0.72407045,370,1042,511,?a
?a  brother  ?f  ?f  husband  ?b   ,?a  husband  ?b,0.309050773,0.247787611,0.247787611,280,1130,1130,?b
?b  father  ?a  ?a  nephew  ?b   ,?a  son  ?b,0.114577425,0.745387454,0.804780876,202,271,251,?a
?f  brother  ?a  ?b  father  ?f   ,?a  son  ?b,0.299489507,0.396694215,0.709677419,528,1331,744,?a
?a  brother  ?f  ?b  father  ?f   ,?a  son  ?b,0.357345434,0.640895219,0.676691729,630,983,931,?a
?f  father  ?a  ?b  wife  ?f   ,?a  son  ?b,0.32274532,0.37335958,0.678188319,569,1524,839,?a
?a  son  ?f  ?b  wife  ?f   ,?a  son  ?b,0.301191151,0.658808933,0.658808933,531,806,806,?a
?f  uncle  ?a  ?b  wife  ?f   ,?a  son  ?b,0.167328417,0.120260905,0.223823976,295,2453,1318,?a
?a  nephew  ?f  ?b  wife  ?f   ,?a  son  ?b,0.133295519,0.184748428,0.194375517,235,1272,1209,?a
?b  brother  ?f  ?f  father  ?a   ,?a  son  ?b,0.166193988,0.102915349,0.188424437,293,2847,1555,?a
?b  mother  ?f  ?f  son  ?a   ,?a  husband  ?b,0.411699779,0.347623486,0.453219927,373,1073,823,?b
?b  brother  ?f  ?a  son  ?f   ,?a  son  ?b,0.209302326,0.19228765,0.19228765,369,1919,1919,?a
?b  brother  ?f  ?a  nephew  ?f   ,?a  son  ?b,0.247872944,0.143325681,0.151263413,437,3049,2889,?a
?b  husband  ?f  ?a  son  ?f   ,?a  son  ?b,0.267725468,0.722817764,0.722817764,472,653,653,?a
?b  brother  ?f  ?f  uncle  ?a   ,?a  son  ?b,0.218377765,0.075996842,0.140152894,385,5066,2747,?a
?f  aunt  ?a  ?b  husband  ?f   ,?a  son  ?b,0.070901872,0.065138093,0.124750499,125,1919,1002,?a
?b  husband  ?f  ?f  mother  ?a   ,?a  son  ?b,0.296086217,0.409733124,0.736248237,522,1274,709,?a
?b  husband  ?f  ?a  nephew  ?f   ,?a  son  ?b,0.071469087,0.124383021,0.130569948,126,1013,965,?a
?f  brother  ?a  ?b  mother  ?f   ,?a  son  ?b,0.314237096,0.35718891,0.64947245,554,1551,853,?a
?b  mother  ?f  ?f  sister  ?a   ,?a  son  ?b,0.236528644,0.316869301,0.623318386,417,1316,669,?a
?f  mother  ?a  ?b  sister  ?f   ,?a  son  ?b,0.070901872,0.115633673,0.217391304,125,1081,575,?a
?f  aunt  ?a  ?b  sister  ?f   ,?a  son  ?b,0.099262621,0.053321146,0.102880658,175,3282,1701,?a
?b  sister  ?f  ?a  son  ?f   ,?a  son  ?b,0.089619966,0.116777531,0.116777531,158,1353,1353,?a
?b  mother  ?f  ?f  nephew  ?a   ,?a  husband  ?b,0.153421634,0.073622881,0.100506146,139,1888,1383,?b
?a  nephew  ?f  ?b  sister  ?f   ,?a  son  ?b,0.133295519,0.102173913,0.107748739,235,2300,2181,?a
?b  aunt  ?f  ?f  sister  ?a   ,?a  son  ?b,0.073170732,0.051028481,0.104622871,129,2528,1233,?a
?f  brother  ?a  ?b  uncle  ?f   ,?a  son  ?b,0.175269427,0.085761865,0.15274345,309,3603,2023,?a
?b  aunt  ?f  ?a  brother  ?f   ,?a  son  ?b,0.120249575,0.104950495,0.110589463,212,2020,1917,?a
?f  sister  ?a  ?b  uncle  ?f   ,?a  son  ?b,0.133295519,0.077608983,0.152005175,235,3028,1546,?a
?e  daughter  ?a  ?e  daughter  ?b   ,?a  husband  ?b,0.28807947,0.160417947,0.440134907,261,1627,593,?b
?b  mother  ?a  ?a  nephew  ?b   ,?a  son  ?b,0.078842881,0.803468208,0.842424242,139,173,165,?a
?f  aunt  ?a  ?b  brother  ?f   ,?a  son  ?b,0.174702212,0.087574637,0.168306011,308,3517,1830,?a
?a  brother  ?f  ?b  mother  ?f   ,?a  son  ?b,0.382870108,0.582901554,0.610307414,675,1158,1106,?a
?b  aunt  ?f  ?f  brother  ?a   ,?a  son  ?b,0.098128191,0.059246575,0.111469072,173,2920,1552,?a
?a  brother  ?f  ?b  uncle  ?f   ,?a  son  ?b,0.207033466,0.138257576,0.145708583,365,2640,2505,?a
?a  brother  ?f  ?f  nephew  ?b   ,?a  son  ?b,0.2234827,0.099520081,0.105178857,394,3959,3746,?a
?f  husband  ?b  ?a  son  ?f   ,?a  son  ?b,0.280204197,0.661311914,0.661311914,494,747,747,?a
?f  sister  ?b  ?a  son  ?f   ,?a  son  ?b,0.089619966,0.138111888,0.138111888,158,1144,1144,?a
?e  brother  ?b  ?e  father  ?a   ,?a  son  ?b,0.166193988,0.074840358,0.136025998,293,3915,2154,?a
?f  husband  ?b  ?a  nephew  ?f   ,?a  son  ?b,0.12195122,0.191622103,0.200559701,215,1122,1072,?a
?e  brother  ?b  ?e  uncle  ?a   ,?a  son  ?b,0.33295519,0.076154645,0.141479875,587,7708,4149,?a
?a  nephew  ?f  ?f  sister  ?b   ,?a  son  ?b,0.263754963,0.119938096,0.126358696,465,3877,3680,?a
?a  nephew  ?f  ?f  wife  ?b   ,?a  son  ?b,0.083947816,0.147117296,0.154811715,148,1006,956,?a
?a  brother  ?f  ?f  niece  ?b   ,?a  son  ?b,0.152013613,0.098638204,0.104892368,268,2717,2555,?a
?a  son  ?f  ?f  wife  ?b   ,?a  son  ?b,0.287010777,0.73015873,0.73015873,506,693,693,?a
?e  husband  ?b  ?e  uncle  ?a   ,?a  son  ?b,0.157118548,0.129985922,0.236549957,277,2131,1171,?a
?a  brother  ?f  ?f  daughter  ?b   ,?a  son  ?b,0.482699943,0.747803163,0.790157846,851,1138,1077,?a
?e  mother  ?a  ?e  wife  ?b   ,?a  son  ?b,0.310833806,0.40987285,0.737550471,548,1337,743,?a
?e  daughter  ?b  ?e  sister  ?a   ,?a  son  ?b,0.442994895,0.363594041,0.736792453,781,2148,1060,?a
?e  mother  ?a  ?e  sister  ?b   ,?a  son  ?b,0.070901872,0.058411215,0.108225108,125,2140,1155,?a
?e  aunt  ?a  ?e  wife  ?b   ,?a  son  ?b,0.081111741,0.075982997,0.146067416,143,1882,979,?a
?e  brother  ?a  ?e  son  ?b   ,?a  son  ?b,0.625638117,0.429015947,0.767037552,1103,2571,1438,?a
?b  father  ?a  ?a  niece  ?b   ,?a  daughter  ?b,0.093706294,0.848101266,0.887417219,134,158,151,?b
?e  aunt  ?a  ?e  sister  ?b   ,?a  son  ?b,0.267158253,0.067103576,0.128653373,471,7019,3661,?a
?b  mother  ?a  ?a  niece  ?b   ,?a  daughter  ?b,0.059440559,0.772727273,0.801886792,85,110,106,?b
?a  niece  ?b  ?b  uncle  ?a   ,?a  daughter  ?b,0.086713287,0.116760829,0.313131313,124,1062,396,?b
?a  brother  ?f  ?f  son  ?b   ,?a  son  ?b,0.657402155,0.69029184,0.725735755,1159,1679,1597,?a
?e  brother  ?a  ?e  nephew  ?b   ,?a  son  ?b,0.217243335,0.06136837,0.11244862,383,6241,3406,?a
?b  father  ?f  ?a  sister  ?f   ,?a  daughter  ?b,0.332867133,0.687861272,0.753164557,476,692,632,?b
?b  father  ?f  ?f  sister  ?a   ,?a  daughter  ?b,0.265034965,0.363723608,0.396029258,379,1042,957,?b
?f  brother  ?a  ?b  mother  ?f   ,?a  daughter  ?b,0.317482517,0.292714378,0.413102821,454,1551,1099,?b
?b  mother  ?f  ?f  sister  ?a   ,?a  daughter  ?b,0.297902098,0.323708207,0.383783784,426,1316,1110,?b
?b  mother  ?f  ?a  sister  ?f   ,?a  daughter  ?b,0.369230769,0.634615385,0.74471086,528,832,709,?b
?f  father  ?a  ?b  wife  ?f   ,?a  daughter  ?b,0.301398601,0.282808399,0.46344086,431,1524,930,?b
?a  niece  ?f  ?b  wife  ?f   ,?a  daughter  ?b,0.102797203,0.152806653,0.299389002,147,962,491,?b
?a  daughter  ?f  ?b  wife  ?f   ,?a  daughter  ?b,0.306993007,0.684867395,0.845857418,439,641,519,?b
?b  brother  ?f  ?f  uncle  ?a   ,?a  daughter  ?b,0.204895105,0.057836557,0.158464035,293,5066,1849,?b
?b  brother  ?f  ?f  father  ?a   ,?a  daughter  ?b,0.145454545,0.073059361,0.200385356,208,2847,1038,?b
?f  aunt  ?a  ?b  brother  ?f   ,?a  daughter  ?b,0.181818182,0.073926642,0.185317177,260,3517,1403,?b
?b  brother  ?f  ?a  niece  ?f   ,?a  daughter  ?b,0.23006993,0.144171779,0.341286307,329,2282,964,?b
?b  brother  ?f  ?a  daughter  ?f   ,?a  daughter  ?b,0.187412587,0.171027441,0.41875,268,1567,640,?b
?b  aunt  ?f  ?f  sister  ?a   ,?a  daughter  ?b,0.104195804,0.058939873,0.163019694,149,2528,914,?b
?b  aunt  ?f  ?f  brother  ?a   ,?a  daughter  ?b,0.114685315,0.056164384,0.166836216,164,2920,983,?b
?b  husband  ?f  ?a  niece  ?f   ,?a  daughter  ?b,0.06013986,0.109137056,0.245014245,86,788,351,?b
?b  aunt  ?f  ?a  sister  ?f   ,?a  daughter  ?b,0.134265734,0.119925047,0.32160804,192,1601,597,?b
?f  aunt  ?a  ?b  husband  ?f   ,?a  daughter  ?b,0.074125874,0.055237103,0.139107612,106,1919,762,?b
?b  husband  ?f  ?f  mother  ?a   ,?a  daughter  ?b,0.275524476,0.309262166,0.463529412,394,1274,850,?b
?e  brother  ?b  ?a  son  ?e   ,?a  son  ?b,0.209302326,0.171627907,0.171627907,369,2150,2150,?a
?e  brother  ?b  ?a  nephew  ?e   ,?a  son  ?b,0.324446965,0.134114889,0.141164857,572,4265,4052,?a
?f  aunt  ?a  ?b  sister  ?f   ,?a  daughter  ?b,0.11048951,0.048141377,0.157370518,158,3282,1004,?b
?f  mother  ?a  ?b  sister  ?f   ,?a  daughter  ?b,0.06993007,0.092506938,0.223214286,100,1081,448,?b
?a  niece  ?f  ?b  sister  ?f   ,?a  daughter  ?b,0.139160839,0.1054584,0.291788856,199,1887,682,?b
?b  sister  ?f  ?f  uncle  ?a   ,?a  daughter  ?b,0.106293706,0.041147807,0.133802817,152,3694,1136,?b
?a  daughter  ?f  ?b  sister  ?f   ,?a  daughter  ?b,0.096503497,0.115384615,0.326241135,138,1196,423,?b
?a  sister  ?e  ?e  son  ?b   ,?a  daughter  ?b,0.548951049,0.694076039,0.743371212,785,1131,1056,?b
?f  daughter  ?b  ?a  sister  ?f   ,?a  daughter  ?b,0.598601399,0.816015253,0.816015253,856,1049,1049,?b
?e  father  ?a  ?e  husband  ?b   ,?a  son  ?b,0.304594441,0.382478632,0.688461538,537,1404,780,?a
?f  uncle  ?a  ?b  wife  ?f   ,?a  daughter  ?b,0.148251748,0.086424786,0.174773289,212,2453,1213,?b
?a  daughter  ?f  ?b  husband  ?f   ,?a  daughter  ?b,0.273426573,0.760700389,0.868888889,391,514,450,?b
?e  brother  ?a  ?e  son  ?b   ,?a  daughter  ?b,0.56993007,0.316997277,0.403665181,815,2571,2019,?b
?a  daughter  ?f  ?f  husband  ?b   ,?a  daughter  ?b,0.291608392,0.714041096,0.854508197,417,584,488,?b
?a  sister  ?f  ?b  uncle  ?f   ,?a  daughter  ?b,0.198601399,0.150185087,0.344242424,284,1891,825,?b
?a  daughter  ?f  ?f  wife  ?b   ,?a  daughter  ?b,0.290909091,0.790874525,0.8794926,416,526,473,?b
?f  sister  ?a  ?b  uncle  ?f   ,?a  daughter  ?b,0.160839161,0.075957728,0.178988327,230,3028,1285,?b
?e  brother  ?b  ?a  niece  ?e   ,?a  daughter  ?b,0.316783217,0.137148047,0.329694323,453,3303,1374,?b
?f  nephew  ?b  ?a  sister  ?f   ,?a  daughter  ?b,0.230769231,0.11562719,0.296229803,330,2854,1114,?b
?f  brother  ?a  ?b  father  ?f   ,?a  daughter  ?b,0.284615385,0.305785124,0.405378486,407,1331,1004,?b
?e  daughter  ?b  ?e  sister  ?a   ,?a  daughter  ?b,0.573426573,0.381750466,0.381750466,820,2148,2148,?b
?a  niece  ?e  ?e  wife  ?b   ,?a  daughter  ?b,0.06993007,0.129366106,0.260416667,100,773,384,?b
?e  brother  ?b  ?e  father  ?a   ,?a  daughter  ?b,0.145454545,0.053128991,0.154992548,208,3915,1342,?b
?e  husband  ?b  ?a  niece  ?e   ,?a  daughter  ?b,0.083216783,0.14875,0.309895833,119,800,384,?b
?e  aunt  ?a  ?e  wife  ?b   ,?a  daughter  ?b,0.086713287,0.065887354,0.148502994,124,1882,835,?b
?e  husband  ?b  ?e  uncle  ?a   ,?a  daughter  ?b,0.143356643,0.096198968,0.193578848,205,2131,1059,?b
?e  brother  ?b  ?e  uncle  ?a   ,?a  daughter  ?b,0.326573427,0.060586404,0.1622091,467,7708,2879,?b
?f  brother  ?a  ?b  uncle  ?f   ,?a  daughter  ?b,0.174125874,0.069109076,0.176721079,249,3603,1409,?b
?e  father  ?a  ?e  husband  ?b   ,?a  daughter  ?b,0.291608392,0.297008547,0.468539326,417,1404,890,?b
?e  mother  ?a  ?e  sister  ?b   ,?a  daughter  ?b,0.06993007,0.046728972,0.119760479,100,2140,835,?b
?e  brother  ?a  ?e  nephew  ?b   ,?a  daughter  ?b,0.235664336,0.053997757,0.152557718,337,6241,2209,?b
?e  niece  ?b  ?e  sister  ?a   ,?a  daughter  ?b,0.186713287,0.05184466,0.141870351,267,5150,1882,?b
?e  aunt  ?a  ?e  sister  ?b   ,?a  daughter  ?b,0.282517483,0.057558057,0.151594747,404,7019,2665,?b
?f  niece  ?b  ?a  sister  ?f   ,?a  daughter  ?b,0.183916084,0.107831078,0.293854749,263,2439,895,?b
?b  brother  ?f  ?f  son  ?a   ,?a  mother  ?b,0.335710368,0.36450268,0.43902439,612,1679,1394,?b
?b  brother  ?f  ?f  daughter  ?a   ,?a  mother  ?b,0.257268239,0.412126538,0.488541667,469,1138,960,?b
?a  aunt  ?b  ?b  daughter  ?a   ,?a  mother  ?b,0.064179923,0.735849057,0.959016393,117,159,122,?b
?a  aunt  ?f  ?b  brother  ?f   ,?a  mother  ?b,0.115194734,0.103960396,0.127814973,210,2020,1643,?b
?b  brother  ?f  ?a  mother  ?f   ,?a  mother  ?b,0.452550741,0.712435233,0.812807882,825,1158,1015,?b
?f  daughter  ?a  ?b  sister  ?f   ,?a  mother  ?b,0.250685683,0.435653003,0.506651885,457,1049,902,?b
?b  sister  ?f  ?f  son  ?a   ,?a  mother  ?b,0.236423478,0.381078691,0.446169772,431,1131,966,?b
?f  brother  ?b  ?a  daughter  ?f   ,?a  daughter  ?b,0.187412587,0.154645124,0.397626113,268,1733,674,?b
?a  aunt  ?f  ?b  sister  ?f   ,?a  mother  ?b,0.097641251,0.111180512,0.136398467,178,1601,1305,?b
?b  daughter  ?f  ?f  husband  ?a   ,?a  mother  ?b,0.253428415,0.79109589,0.904109589,462,584,511,?b
?b  daughter  ?f  ?a  wife  ?f   ,?a  mother  ?b,0.275370269,0.783151326,0.893238434,502,641,562,?b
?a  mother  ?f  ?b  sister  ?f   ,?a  mother  ?b,0.331321997,0.725961538,0.833103448,604,832,725,?b
?a  daughter  ?f  ?f  sister  ?b   ,?a  daughter  ?b,0.096503497,0.143899896,0.321678322,138,959,429,?b
?a  niece  ?f  ?f  sister  ?b   ,?a  daughter  ?b,0.277622378,0.126594388,0.300075586,397,3136,1323,?b
?a  aunt  ?b  ?b  son  ?a   ,?a  mother  ?b,0.07515085,0.782857143,0.958041958,137,175,143,?b
?b  daughter  ?f  ?a  sister  ?f   ,?a  mother  ?b,0.054854635,0.08361204,0.101626016,100,1196,984,?b
?b  daughter  ?f  ?f  sister  ?a   ,?a  mother  ?b,0.054854635,0.104275287,0.13368984,100,959,748,?b
?b  son  ?f  ?a  wife  ?f   ,?a  mother  ?b,0.353812397,0.800248139,0.902097902,645,806,715,?b
?e  mother  ?a  ?e  wife  ?b   ,?a  daughter  ?b,0.298601399,0.319371728,0.469746975,427,1337,909,?b
?f  husband  ?a  ?b  niece  ?f   ,?a  mother  ?b,0.071859572,0.16375,0.201538462,131,800,650,?b
?f  sister  ?a  ?b  son  ?f   ,?a  mother  ?b,0.068568294,0.109265734,0.12966805,125,1144,964,?b
?b  nephew  ?f  ?a  wife  ?f   ,?a  mother  ?b,0.152495886,0.218553459,0.270691334,278,1272,1027,?b
?b  nephew  ?f  ?a  sister  ?f   ,?a  mother  ?b,0.131651125,0.104347826,0.128205128,240,2300,1872,?b
?f  husband  ?a  ?b  son  ?f   ,?a  mother  ?b,0.332419089,0.81124498,0.912650602,606,747,664,?b
?a  sister  ?f  ?b  son  ?f   ,?a  mother  ?b,0.068568294,0.092387288,0.113533152,125,1353,1101,?b
?f  mother  ?b  ?a  sister  ?f   ,?a  mother  ?b,0.165112452,0.278445883,0.278445883,301,1081,1081,?b
?f  aunt  ?b  ?a  sister  ?f   ,?a  mother  ?b,0.172792101,0.095978062,0.116839763,315,3282,2696,?b
?f  husband  ?a  ?b  nephew  ?f   ,?a  mother  ?b,0.139330773,0.226381462,0.276688453,254,1122,918,?b
?a  sister  ?f  ?f  uncle  ?b   ,?a  mother  ?b,0.184311574,0.090958311,0.111888112,336,3694,3003,?b
?f  father  ?b  ?a  wife  ?f   ,?a  mother  ?b,0.659352715,0.788713911,0.907854985,1202,1524,1324,?b
?a  aunt  ?f  ?f  sister  ?b   ,?a  mother  ?b,0.148107515,0.106803797,0.131322957,270,2528,2056,?b
?e  father  ?b  ?e  husband  ?a   ,?a  mother  ?b,0.616017553,0.79985755,0.921246924,1123,1404,1219,?b
?a  mother  ?f  ?f  sister  ?b   ,?a  mother  ?b,0.547449259,0.758358663,0.861830743,998,1316,1158,?b
?f  brother  ?b  ?a  mother  ?f   ,?a  mother  ?b,0.655512891,0.770470664,0.875457875,1195,1551,1365,?b
?b  son  ?a  ?a  uncle  ?b   ,?a  father  ?b,0.144578313,0.802431611,0.985074627,264,329,268,?b
?a  aunt  ?f  ?f  brother  ?b   ,?a  mother  ?b,0.176631925,0.110273973,0.134615385,322,2920,2392,?b
?b  daughter  ?a  ?a  uncle  ?b   ,?a  father  ?b,0.104600219,0.757936508,0.989637306,191,252,193,?b
?e  daughter  ?a  ?e  sister  ?b   ,?a  mother  ?b,0.475589687,0.403631285,0.477422907,867,2148,1816,?b
?e  husband  ?a  ?e  uncle  ?b   ,?a  mother  ?b,0.313219967,0.26794932,0.323696145,571,2131,1764,?b
?e  brother  ?b  ?e  son  ?a   ,?a  mother  ?b,0.558420187,0.395954881,0.471951785,1018,2571,2157,?b
?b  daughter  ?a  ?b  niece  ?a   ,?a  father  ?b,0.073384447,0.466898955,0.56779661,134,287,236,?b
?e  mother  ?b  ?e  sister  ?a   ,?a  mother  ?b,0.165112452,0.140654206,0.140654206,301,2140,2140,?b
?b  nephew  ?f  ?f  wife  ?a   ,?a  father  ?b,0.100219058,0.181908549,0.219687875,183,1006,833,?b
?b  daughter  ?f  ?f  wife  ?a   ,?a  father  ?b,0.231653888,0.80418251,0.950561798,423,526,445,?b
?a  husband  ?f  ?b  nephew  ?f   ,?a  father  ?b,0.084337349,0.152023692,0.18487395,154,1013,833,?b
?b  niece  ?f  ?a  wife  ?f   ,?a  mother  ?b,0.094349973,0.178794179,0.224250326,172,962,767,?b
?b  daughter  ?f  ?a  husband  ?f   ,?a  father  ?b,0.224534502,0.79766537,0.955710956,410,514,429,?b
?f  uncle  ?b  ?a  wife  ?f   ,?a  mother  ?b,0.343938563,0.255605381,0.312562313,627,2453,2006,?b
?b  nephew  ?a  ?b  son  ?a   ,?a  father  ?b,0.110624315,0.469767442,0.569014085,202,430,355,?b
?f  daughter  ?a  ?b  sister  ?f   ,?a  father  ?b,0.211938664,0.368922784,0.455830389,387,1049,849,?b
?b  sister  ?f  ?a  uncle  ?f   ,?a  father  ?b,0.147316539,0.142252776,0.179213857,269,1891,1501,?b
?f  brother  ?a  ?b  nephew  ?f   ,?a  father  ?b,0.223439211,0.095662368,0.118398143,408,4265,3446,?b
?a  father  ?f  ?b  sister  ?f   ,?a  father  ?b,0.269989047,0.712427746,0.878787879,493,692,561,?b
?b  niece  ?f  ?f  wife  ?a   ,?a  father  ?b,0.062979189,0.148771022,0.1796875,115,773,640,?b
?f  brother  ?a  ?b  daughter  ?f   ,?a  father  ?b,0.115005476,0.121177149,0.154525386,210,1733,1359,?b
?a  husband  ?f  ?b  niece  ?f   ,?a  father  ?b,0.056407448,0.13071066,0.157492355,103,788,654,?b
?a  brother  ?f  ?b  niece  ?f   ,?a  father  ?b,0.171412924,0.137160386,0.1703865,313,2282,1837,?b
?b  son  ?f  ?f  wife  ?a   ,?a  father  ?b,0.309967141,0.816738817,0.969178082,566,693,584,?b
?a  husband  ?f  ?b  son  ?f   ,?a  father  ?b,0.290799562,0.813169985,0.965454545,531,653,550,?b
?f  brother  ?a  ?b  son  ?f   ,?a  father  ?b,0.161007667,0.136744186,0.168577982,294,2150,1744,?b
?a  brother  ?f  ?b  daughter  ?f   ,?a  father  ?b,0.115005476,0.13401404,0.166270784,210,1567,1263,?b
?b  brother  ?f  ?f  daughter  ?a   ,?a  father  ?b,0.236582694,0.379613357,0.469565217,432,1138,920,?b
?b  brother  ?f  ?f  son  ?a   ,?a  father  ?b,0.310514786,0.337701013,0.412964312,567,1679,1373,?b
?a  brother  ?f  ?b  son  ?f   ,?a  father  ?b,0.161007667,0.153204794,0.190785204,294,1919,1541,?b
?b  brother  ?f  ?a  uncle  ?f   ,?a  father  ?b,0.213581599,0.147727273,0.181395349,390,2640,2150,?b
?b  brother  ?f  ?a  father  ?f   ,?a  father  ?b,0.387185104,0.719226857,0.860097324,707,983,822,?b
?e  brother  ?a  ?e  father  ?b   ,?a  father  ?b,0.356516977,0.166283525,0.166283525,651,3915,3915,?b
?e  brother  ?b  ?a  uncle  ?e   ,?a  father  ?b,0.314895947,0.159589231,0.199237699,575,3603,2886,?b
?e  brother  ?b  ?a  father  ?e   ,?a  father  ?b,0.559145674,0.767092412,0.920649234,1021,1331,1109,?b
?a  brother  ?e  ?e  uncle  ?b   ,?a  father  ?b,0.377875137,0.136202132,0.169076207,690,5066,4081,?b
?e  brother  ?b  ?e  son  ?a   ,?a  father  ?b,0.509309967,0.361726954,0.446685879,930,2571,2082,?b
?e  sister  ?b  ?a  uncle  ?e   ,?a  father  ?b,0.259036145,0.156208719,0.192825112,473,3028,2453,?b
?a  brother  ?f  ?b  nephew  ?f   ,?a  father  ?b,0.253012048,0.15152509,0.187423935,462,3049,2465,?b
?a  father  ?e  ?e  sister  ?b   ,?a  father  ?b,0.442497262,0.775431862,0.934104046,808,1042,865,?b
?e  daughter  ?a  ?e  sister  ?b   ,?a  father  ?b,0.426615553,0.362662942,0.445652174,779,2148,1748,?b
?b  aunt  ?a  ?a  daughter  ?b   ,?a  niece  ?b,0.029365701,0.471698113,0.735294118,75,159,102,?b
?a  brother  ?e  ?e  father  ?b   ,?a  father  ?b,0.356516977,0.228661749,0.228661749,651,2847,2847,?b
?a  husband  ?f  ?f  mother  ?b   ,?a  father  ?b,0.545454545,0.781789639,0.933458294,996,1274,1067,?b
?f  aunt  ?b  ?a  husband  ?f   ,?a  father  ?b,0.147316539,0.140177176,0.170685279,269,1919,1576,?b
?e  aunt  ?b  ?a  brother  ?e   ,?a  father  ?b,0.310514786,0.161216946,0.201635846,567,3517,2812,?b
?e  aunt  ?b  ?e  wife  ?a   ,?a  father  ?b,0.164841183,0.159936238,0.194570136,301,1882,1547,?b
?b  brother  ?f  ?f  mother  ?a   ,?a  niece  ?b,0.116679718,0.281663516,0.321814255,298,1058,926,?b
?e  mother  ?b  ?e  wife  ?a   ,?a  father  ?b,0.570646221,0.779356769,0.927871772,1042,1337,1123,?b
?a  daughter  ?b  ?b  uncle  ?a   ,?a  niece  ?b,0.048551292,0.492063492,0.8,124,252,155,?b
?b  brother  ?f  ?f  father  ?a   ,?a  niece  ?b,0.305011746,0.273621356,0.344995571,779,2847,2258,?b
?f  aunt  ?a  ?b  brother  ?f   ,?a  niece  ?b,0.431871574,0.313619562,0.368034701,1103,3517,2997,?b
?b  brother  ?f  ?a  niece  ?f   ,?a  niece  ?b,0.521534847,0.58369851,0.654545455,1332,2282,2035,?b
?f  sister  ?a  ?b  uncle  ?f   ,?a  niece  ?b,0.375097886,0.316380449,0.353897303,958,3028,2707,?b
?b  brother  ?f  ?a  daughter  ?f   ,?a  niece  ?b,0.410336727,0.668793874,0.758321274,1048,1567,1382,?b
?f  uncle  ?a  ?b  wife  ?f   ,?a  niece  ?b,0.020751762,0.021606196,0.110416667,53,2453,480,?b
?a  daughter  ?f  ?b  wife  ?f   ,?a  niece  ?b,0.038762725,0.154446178,0.712230216,99,641,139,?b
?a  sister  ?f  ?b  uncle  ?f   ,?a  niece  ?b,0.465152702,0.628239027,0.691501746,1188,1891,1718,?b
?f  father  ?a  ?b  wife  ?f   ,?a  niece  ?b,0.041503524,0.069553806,0.33974359,106,1524,312,?b
?f  brother  ?a  ?b  uncle  ?f   ,?a  niece  ?b,0.39467502,0.279766861,0.328874388,1008,3603,3065,?b
?a  niece  ?f  ?b  wife  ?f   ,?a  niece  ?b,0.014878622,0.03950104,0.204301075,38,962,186,?b
?a  daughter  ?b  ?b  father  ?a   ,?a  niece  ?b,0.052466719,0.209375,0.783625731,134,640,171,?b
?b  father  ?f  ?f  sister  ?a   ,?a  niece  ?b,0.05403289,0.13243762,0.353846154,138,1042,390,?b
?f  brother  ?a  ?b  father  ?f   ,?a  niece  ?b,0.055990603,0.107438017,0.314977974,143,1331,454,?b
?b  husband  ?f  ?f  mother  ?a   ,?a  niece  ?b,0.042678152,0.0855573,0.311428571,109,1274,350,?b
?b  father  ?f  ?a  sister  ?f   ,?a  niece  ?b,0.069694597,0.257225434,0.652014652,178,692,273,?b
?a  daughter  ?f  ?b  husband  ?f   ,?a  niece  ?b,0.044244323,0.219844358,0.743421053,113,514,152,?b
?b  husband  ?f  ?a  niece  ?f   ,?a  niece  ?b,0.013312451,0.043147208,0.219354839,34,788,155,?b
?b  niece  ?f  ?a  sister  ?f   ,?a  mother  ?b,0.102029622,0.098569157,0.12125163,186,1887,1534,?b
?f  mother  ?a  ?b  sister  ?f   ,?a  niece  ?b,0.106499608,0.251618871,0.31408776,272,1081,866,?b
?e  brother  ?a  ?e  uncle  ?b   ,?a  father  ?b,0.377327492,0.089387649,0.111111111,689,7708,6201,?b
?f  father  ?a  ?b  sister  ?f   ,?a  niece  ?b,0.202036022,0.306413302,0.343313373,516,1684,1503,?b
?a  niece  ?f  ?b  sister  ?f   ,?a  niece  ?b,0.450665623,0.609962904,0.681065089,1151,1887,1690,?b
?b  mother  ?f  ?f  sister  ?a   ,?a  niece  ?b,0.03954581,0.07674772,0.31661442,101,1316,319,?b
?f  aunt  ?a  ?b  sister  ?f   ,?a  niece  ?b,0.398590446,0.310176722,0.361891219,1018,3282,2813,?b
?b  mother  ?f  ?a  sister  ?f   ,?a  niece  ?b,0.053249804,0.163461538,0.621004566,136,832,219,?b
?f  brother  ?a  ?b  mother  ?f   ,?a  niece  ?b,0.03954581,0.065119278,0.287749288,101,1551,351,?b
?b  aunt  ?f  ?f  sister  ?a   ,?a  niece  ?b,0.334377447,0.337816456,0.364801367,854,2528,2341,?b
?b  aunt  ?f  ?f  brother  ?a   ,?a  niece  ?b,0.349256069,0.305479452,0.346004655,892,2920,2578,?b
?a  daughter  ?e  ?e  sister  ?b   ,?a  niece  ?b,0.22513704,0.599582899,0.682087782,575,959,843,?b
?a  niece  ?e  ?e  sister  ?b   ,?a  niece  ?b,0.832028191,0.677614796,0.749030666,2125,3136,2837,?b
?a  daughter  ?f  ?b  sister  ?f   ,?a  niece  ?b,0.307361002,0.656354515,0.730232558,785,1196,1075,?b
?e  mother  ?a  ?e  sister  ?b   ,?a  niece  ?b,0.214173845,0.255607477,0.304396216,547,2140,1797,?b
?b  sister  ?f  ?f  son  ?a   ,?a  father  ?b,0.19769989,0.319186561,0.405162738,361,1131,891,?b
?b  brother  ?f  ?f  uncle  ?a   ,?a  niece  ?b,0.487470634,0.245756021,0.29122807,1245,5066,4275,?b
?f  aunt  ?a  ?b  husband  ?f   ,?a  niece  ?b,0.018402506,0.024491923,0.112980769,47,1919,416,?b
?b  sister  ?f  ?f  uncle  ?a   ,?a  niece  ?b,0.386452623,0.267190038,0.3084375,987,3694,3200,?b
?b  aunt  ?f  ?a  sister  ?f   ,?a  niece  ?b,0.405246672,0.646470956,0.697439353,1035,1601,1484,?b
?e  brother  ?b  ?a  daughter  ?e   ,?a  niece  ?b,0.444792482,0.655510675,0.743455497,1136,1733,1528,?b
?e  aunt  ?a  ?e  sister  ?b   ,?a  niece  ?b,0.821456539,0.298902978,0.350133511,2098,7019,5992,?b
?e  brother  ?b  ?a  niece  ?e   ,?a  niece  ?b,0.869224745,0.672116258,0.75203252,2220,3303,2952,?b
?a  daughter  ?f  ?f  wife  ?b   ,?a  niece  ?b,0.053641347,0.260456274,0.761111111,137,526,180,?b
?a  daughter  ?f  ?f  husband  ?b   ,?a  niece  ?b,0.033281128,0.145547945,0.643939394,85,584,132,?b
?e  brother  ?b  ?e  uncle  ?a   ,?a  niece  ?b,0.864134691,0.286325895,0.340376311,2207,7708,6484,?b
?a  sister  ?f  ?f  son  ?b   ,?a  niece  ?b,0.095536413,0.215738285,0.62244898,244,1131,392,?b
?e  brother  ?b  ?e  father  ?a   ,?a  niece  ?b,0.406029757,0.264878672,0.328476402,1037,3915,3157,?b
?a  niece  ?f  ?f  wife  ?b   ,?a  niece  ?b,0.015661707,0.051746442,0.229885057,40,773,174,?b
?f  husband  ?b  ?a  niece  ?f   ,?a  niece  ?b,0.012529366,0.04,0.187134503,32,800,171,?b
?e  mother  ?a  ?e  wife  ?b   ,?a  niece  ?b,0.052858262,0.100972326,0.34351145,135,1337,393,?b
?e  aunt  ?a  ?e  wife  ?b   ,?a  niece  ?b,0.024275646,0.032943677,0.129436326,62,1882,479,?b
?f  niece  ?b  ?a  sister  ?f   ,?a  niece  ?b,0.75293657,0.788437884,0.788437884,1923,2439,2439,?b
?e  father  ?a  ?e  husband  ?b   ,?a  niece  ?b,0.036021926,0.065527066,0.306666667,92,1404,300,?b
?e  husband  ?b  ?e  uncle  ?a   ,?a  niece  ?b,0.018794049,0.022524636,0.111111111,48,2131,432,?b
?e  brother  ?a  ?e  nephew  ?b   ,?a  niece  ?b,0.752153485,0.307803237,0.337966221,1921,6241,5684,?b
?e  niece  ?b  ?e  sister  ?a   ,?a  niece  ?b,0.734142522,0.36407767,0.36407767,1875,5150,5150,?b
?a  mother  ?b  ?b  niece  ?a   ,?a  aunt  ?b,0.026159749,0.681818182,0.815217391,75,110,92,?b
?e  daughter  ?b  ?e  sister  ?a   ,?a  niece  ?b,0.093970243,0.111731844,0.343839542,240,2148,698,?b
?f  nephew  ?b  ?a  sister  ?f   ,?a  niece  ?b,0.743931088,0.665732306,0.695461201,1900,2854,2732,?b
?f  husband  ?a  ?b  son  ?f   ,?a  aunt  ?b,0.042553191,0.163319946,0.30964467,122,747,394,?b
?f  sister  ?a  ?b  son  ?f   ,?a  aunt  ?b,0.129054761,0.323426573,0.352380952,370,1144,1050,?b
?f  brother  ?a  ?b  son  ?f   ,?a  aunt  ?b,0.193233345,0.257674419,0.318573893,554,2150,1739,?b
?b  son  ?f  ?a  wife  ?f   ,?a  aunt  ?b,0.048482735,0.172456576,0.312359551,139,806,445,?b
?a  sister  ?f  ?b  son  ?f   ,?a  aunt  ?b,0.327868852,0.694752402,0.718654434,940,1353,1308,?b
?b  brother  ?f  ?f  nephew  ?a   ,?a  aunt  ?b,0.403557726,0.292245517,0.342206448,1157,3959,3381,?b
?b  daughter  ?f  ?f  sister  ?a   ,?a  aunt  ?b,0.121381235,0.362877998,0.38368247,348,959,907,?b
?b  daughter  ?f  ?f  husband  ?a   ,?a  aunt  ?b,0.036623648,0.179794521,0.331230284,105,584,317,?b
?f  brother  ?a  ?b  daughter  ?f   ,?a  aunt  ?b,0.175793512,0.290825159,0.332234674,504,1733,1517,?b
?b  brother  ?f  ?f  daughter  ?a   ,?a  aunt  ?b,0.046738751,0.117750439,0.185852982,134,1138,721,?b
?a  aunt  ?f  ?b  brother  ?f   ,?a  aunt  ?b,0.481339379,0.683168317,0.736785905,1380,2020,1873,?b
?b  brother  ?f  ?f  son  ?a   ,?a  aunt  ?b,0.059295431,0.101250744,0.163934426,170,1679,1037,?b
?b  daughter  ?f  ?a  wife  ?f   ,?a  aunt  ?b,0.042901988,0.191887676,0.319480519,123,641,385,?b
?b  daughter  ?f  ?a  sister  ?f   ,?a  aunt  ?b,0.301709104,0.723244147,0.741216795,865,1196,1167,?b
?b  brother  ?f  ?a  mother  ?f   ,?a  aunt  ?b,0.066968957,0.165803109,0.27311522,192,1158,703,?b
?f  niece  ?a  ?b  sister  ?f   ,?a  aunt  ?b,0.317056156,0.372693727,0.402390438,909,2439,2259,?b
?f  nephew  ?a  ?b  sister  ?f   ,?a  aunt  ?b,0.319846529,0.321303434,0.364322606,917,2854,2517,?b
?f  daughter  ?a  ?b  sister  ?f   ,?a  aunt  ?b,0.049180328,0.134413727,0.204644412,141,1049,689,?b
?f  daughter  ?b  ?a  sister  ?f   ,?a  niece  ?b,0.096711042,0.235462345,0.709770115,247,1049,348,?b
?e  brother  ?a  ?e  son  ?b   ,?a  niece  ?b,0.094361785,0.093737845,0.308578745,241,2571,781,?b
?b  sister  ?f  ?f  son  ?a   ,?a  aunt  ?b,0.044994768,0.114058355,0.17768595,129,1131,726,?b
?a  aunt  ?f  ?b  sister  ?f   ,?a  aunt  ?b,0.401116149,0.718301062,0.772330423,1150,1601,1489,?b
?b  niece  ?f  ?f  sister  ?a   ,?a  aunt  ?b,0.38018835,0.347576531,0.355976486,1090,3136,3062,?b
?a  mother  ?b  ?b  son  ?a   ,?a  aunt  ?b,0.047785141,0.194326241,0.35492228,137,705,386,?b
?b  daughter  ?a  ?a  mother  ?b   ,?a  aunt  ?b,0.040809208,0.212727273,0.387417219,117,550,302,?b
?a  aunt  ?f  ?b  wife  ?f   ,?a  aunt  ?b,0.013603069,0.051724138,0.230769231,39,754,169,?b
?b  nephew  ?f  ?f  sister  ?a   ,?a  aunt  ?b,0.447506104,0.330925974,0.342956429,1283,3877,3741,?b
?b  nephew  ?f  ?a  sister  ?f   ,?a  aunt  ?b,0.520753401,0.649130435,0.675871435,1493,2300,2209,?b
?a  mother  ?f  ?b  sister  ?f   ,?a  aunt  ?b,0.059295431,0.204326923,0.325047801,170,832,523,?b
?f  father  ?b  ?a  wife  ?f   ,?a  aunt  ?b,0.097663062,0.183727034,0.331753555,280,1524,844,?b
?f  brother  ?a  ?b  niece  ?f   ,?a  aunt  ?b,0.376700384,0.326975477,0.355146333,1080,3303,3041,?b
?f  brother  ?a  ?b  nephew  ?f   ,?a  aunt  ?b,0.440181374,0.295896835,0.337252806,1262,4265,3742,?b
?b  niece  ?f  ?a  sister  ?f   ,?a  aunt  ?b,0.435995814,0.662427133,0.679347826,1250,1887,1840,?b
?b  brother  ?f  ?f  niece  ?a   ,?a  aunt  ?b,0.324380886,0.34228929,0.382401316,930,2717,2432,?b
?a  mother  ?f  ?f  sister  ?b   ,?a  aunt  ?b,0.092431113,0.201367781,0.319662244,265,1316,829,?b
?a  aunt  ?e  ?e  husband  ?b   ,?a  aunt  ?b,0.012556679,0.050209205,0.233766234,36,717,154,?b
?e  brother  ?a  ?e  uncle  ?b   ,?a  aunt  ?b,0.815486571,0.303321225,0.341363703,2338,7708,6849,?b
?e  aunt  ?b  ?a  sister  ?e   ,?a  aunt  ?b,0.870247646,0.760207191,0.760207191,2495,3282,3282,?b
?a  sister  ?e  ?e  uncle  ?b   ,?a  aunt  ?b,0.826648064,0.641580942,0.666854249,2370,3694,3554,?b
?e  husband  ?b  ?e  nephew  ?a   ,?a  aunt  ?b,0.01151029,0.020767778,0.102167183,33,1589,323,?b
?e  aunt  ?b  ?e  sister  ?a   ,?a  aunt  ?b,0.859434949,0.351047158,0.351047158,2464,7019,7019,?b
?e  brother  ?b  ?e  nephew  ?a   ,?a  aunt  ?b,0.722009069,0.331677616,0.373040187,2070,6241,5549,?b
?a  aunt  ?e  ?e  wife  ?b   ,?a  aunt  ?b,0.013603069,0.055084746,0.193069307,39,708,202,?b
?a  mother  ?b  ?b  nephew  ?a   ,?a  aunt  ?b,0.039414022,0.653179191,0.784722222,113,173,144,?b
?a  aunt  ?e  ?e  sister  ?b   ,?a  aunt  ?b,0.671782351,0.761867089,0.785161027,1926,2528,2453,?b
?e  niece  ?a  ?e  sister  ?b   ,?a  aunt  ?b,0.61248692,0.340970874,0.377959535,1756,5150,4646,?b
?e  father  ?b  ?a  sister  ?e   ,?a  aunt  ?b,0.426578305,0.726247031,0.751690227,1223,1684,1627,?b
?a  aunt  ?e  ?e  brother  ?b   ,?a  aunt  ?b,0.76351587,0.749657534,0.777619893,2189,2920,2815,?b
?e  mother  ?b  ?a  sister  ?e   ,?a  aunt  ?b,0.243111266,0.644773358,0.681329423,697,1081,1023,?b
?a  son  ?b  ?b  uncle  ?a   ,?a  nephew  ?b,0.050221566,0.516717325,0.794392523,170,329,214,?b
?e  mother  ?b  ?e  sister  ?a   ,?a  aunt  ?b,0.244157656,0.327102804,0.366492147,700,2140,1910,?b
?e  daughter  ?a  ?e  sister  ?b   ,?a  aunt  ?b,0.093477503,0.124767225,0.193501805,268,2148,1385,?b
?b  father  ?a  ?a  son  ?b   ,?a  nephew  ?b,0.059675037,0.263363755,0.808,202,767,250,?b
?f  aunt  ?a  ?b  husband  ?f   ,?a  nephew  ?b,0.017429838,0.03074518,0.132882883,59,1919,444,?b
?b  husband  ?f  ?f  mother  ?a   ,?a  nephew  ?b,0.062038405,0.164835165,0.490654206,210,1274,428,?b
?b  husband  ?f  ?a  son  ?f   ,?a  nephew  ?b,0.059084195,0.306278714,0.8,200,653,250,?b
?a  aunt  ?f  ?b  husband  ?f   ,?a  aunt  ?b,0.012556679,0.048257373,0.19047619,36,746,189,?b
?f  brother  ?b  ?a  mother  ?f   ,?a  aunt  ?b,0.105336589,0.194713088,0.310380267,302,1551,973,?b
?f  nephew  ?a  ?b  wife  ?f   ,?a  aunt  ?b,0.014300663,0.024332344,0.113259669,41,1685,362,?b
?a  brother  ?f  ?b  mother  ?f   ,?a  nephew  ?b,0.059084195,0.172711572,0.602409639,200,1158,332,?b
?e  father  ?b  ?e  husband  ?a   ,?a  aunt  ?b,0.08545518,0.174501425,0.337465565,245,1404,726,?b
?f  brother  ?a  ?b  mother  ?f   ,?a  nephew  ?b,0.049335303,0.107672469,0.364628821,167,1551,458,?b
?e  brother  ?a  ?e  father  ?b   ,?a  aunt  ?b,0.376351587,0.275606641,0.330373546,1079,3915,3266,?b
?e  brother  ?b  ?e  son  ?a   ,?a  aunt  ?b,0.104987792,0.117075068,0.187189055,301,2571,1608,?b
?f  mother  ?a  ?b  sister  ?f   ,?a  nephew  ?b,0.10605613,0.332099907,0.368205128,359,1081,975,?b
?f  father  ?a  ?b  sister  ?f   ,?a  nephew  ?b,0.187001477,0.375890736,0.391950464,633,1684,1615,?b
?f  father  ?a  ?b  wife  ?f   ,?a  nephew  ?b,0.049630724,0.11023622,0.416873449,168,1524,403,?b
?b  sister  ?f  ?a  son  ?f   ,?a  nephew  ?b,0.268242245,0.671101256,0.716088328,908,1353,1268,?b
?a  son  ?f  ?b  wife  ?f   ,?a  nephew  ?b,0.04254062,0.17866005,0.705882353,144,806,204,?b
?a  nephew  ?f  ?b  sister  ?f   ,?a  nephew  ?b,0.431905465,0.635652174,0.674665436,1462,2300,2167,?b
?b  aunt  ?a  ?a  son  ?b   ,?a  nephew  ?b,0.034859675,0.674285714,0.813793103,118,175,145,?b
?b  husband  ?f  ?a  nephew  ?f   ,?a  nephew  ?b,0.018020679,0.060217177,0.271111111,61,1013,225,?b
?b  aunt  ?f  ?f  brother  ?a   ,?a  nephew  ?b,0.32732644,0.379452055,0.394165777,1108,2920,2811,?b
?b  aunt  ?f  ?f  sister  ?a   ,?a  nephew  ?b,0.265583456,0.355617089,0.373960067,899,2528,2404,?b
?b  sister  ?f  ?f  uncle  ?a   ,?a  nephew  ?b,0.370457903,0.33946941,0.362009238,1254,3694,3464,?b
?b  aunt  ?f  ?a  brother  ?f   ,?a  nephew  ?b,0.389069424,0.651980198,0.674002047,1317,2020,1954,?b
?b  brother  ?f  ?f  mother  ?a   ,?a  nephew  ?b,0.112850812,0.361058601,0.395445135,382,1058,966,?b
?f  brother  ?a  ?b  father  ?f   ,?a  nephew  ?b,0.067946824,0.172802404,0.426716141,230,1331,539,?b
?f  aunt  ?a  ?b  brother  ?f   ,?a  nephew  ?b,0.398522895,0.383565539,0.42488189,1349,3517,3175,?b
?b  father  ?f  ?f  sister  ?a   ,?a  nephew  ?b,0.051994092,0.16890595,0.408352668,176,1042,431,?b
?b  brother  ?f  ?a  son  ?f   ,?a  nephew  ?b,0.36957164,0.651902032,0.732435597,1251,1919,1708,?b
?b  brother  ?f  ?f  father  ?a   ,?a  nephew  ?b,0.321418021,0.382156656,0.4336389,1088,2847,2509,?b
?f  uncle  ?a  ?b  wife  ?f   ,?a  nephew  ?b,0.028360414,0.039135752,0.167247387,96,2453,574,?b
?a  brother  ?f  ?b  father  ?f   ,?a  nephew  ?b,0.08183161,0.281790437,0.673965937,277,983,411,?b
?b  brother  ?f  ?a  nephew  ?f   ,?a  nephew  ?b,0.534711965,0.593637258,0.658900619,1810,3049,2747,?b
?a  son  ?f  ?f  wife  ?b   ,?a  nephew  ?b,0.063810931,0.311688312,0.818181818,216,693,264,?b
?f  husband  ?b  ?a  son  ?f   ,?a  nephew  ?b,0.036632201,0.165997323,0.685082873,124,747,181,?b
?f  sister  ?b  ?a  son  ?f   ,?a  nephew  ?b,0.214475628,0.634615385,0.688151659,726,1144,1055,?b
?a  nephew  ?f  ?f  wife  ?b   ,?a  nephew  ?b,0.02127031,0.071570577,0.285714286,72,1006,252,?b
?f  brother  ?a  ?b  uncle  ?f   ,?a  nephew  ?b,0.407385524,0.382736608,0.41324543,1379,3603,3337,?b
?f  sister  ?a  ?b  uncle  ?f   ,?a  nephew  ?b,0.310487445,0.347093791,0.380935121,1051,3028,2759,?b
?a  brother  ?f  ?b  uncle  ?f   ,?a  nephew  ?b,0.474741507,0.608712121,0.655116184,1607,2640,2453,?b
?f  brother  ?b  ?a  son  ?f   ,?a  nephew  ?b,0.391728213,0.616744186,0.694240838,1326,2150,1910,?b
?f  brother  ?b  ?a  nephew  ?f   ,?a  nephew  ?b,0.861742984,0.683939039,0.742617108,2917,4265,3928,?b
?a  brother  ?f  ?f  daughter  ?b   ,?a  nephew  ?b,0.098375185,0.292618629,0.755102041,333,1138,441,?b
?f  husband  ?b  ?a  nephew  ?f   ,?a  nephew  ?b,0.017429838,0.05258467,0.253218884,59,1122,233,?b
?a  brother  ?f  ?f  son  ?b   ,?a  nephew  ?b,0.120531758,0.243001787,0.64659271,408,1679,631,?b
?a  nephew  ?f  ?f  sister  ?b   ,?a  nephew  ?b,0.775184638,0.676811968,0.736871665,2624,3877,3561,?b
?f  aunt  ?a  ?b  sister  ?f   ,?a  nephew  ?b,0.369276219,0.380865326,0.409031414,1250,3282,3056,?b
?a  brother  ?f  ?f  niece  ?b   ,?a  nephew  ?b,0.609453471,0.759293338,0.765491651,2063,2717,2695,?b
?e  aunt  ?a  ?e  wife  ?b   ,?a  nephew  ?b,0.019793205,0.035600425,0.134808853,67,1882,497,?b
?a  brother  ?e  ?e  nephew  ?b   ,?a  nephew  ?b,0.78493353,0.671129073,0.671129073,2657,3959,3959,?b
?e  mother  ?a  ?e  wife  ?b   ,?a  nephew  ?b,0.063220089,0.160059835,0.463203463,214,1337,462,?b
?e  father  ?a  ?e  husband  ?b   ,?a  nephew  ?b,0.042245199,0.101851852,0.400560224,143,1404,357,?b
?e  husband  ?b  ?e  uncle  ?a   ,?a  nephew  ?b,0.024519941,0.03894885,0.171487603,83,2131,484,?b
?e  brother  ?a  ?e  nephew  ?b   ,?a  nephew  ?b,0.761595273,0.413074828,0.413074828,2578,6241,6241,?b
?e  brother  ?b  ?e  uncle  ?a   ,?a  nephew  ?b,0.86351551,0.379216399,0.415907797,2923,7708,7028,?b
?e  daughter  ?b  ?e  sister  ?a   ,?a  nephew  ?b,0.091875923,0.144785847,0.380660955,311,2148,817,?b
?e  brother  ?a  ?e  son  ?b   ,?a  nephew  ?b,0.114918759,0.151302995,0.403946002,389,2571,963,?b
?e  mother  ?a  ?e  sister  ?b   ,?a  nephew  ?b,0.213293944,0.337383178,0.370446383,722,2140,1949,?b
?a  nephew  ?f  ?b  wife  ?f   ,?a  nephew  ?b,0.020679468,0.055031447,0.243055556,70,1272,288,?b
?b  daughter  ?f  ?f  uncle  ?a   ,?a  sister  ?b,0.208363117,0.187761675,0.23805635,583,3105,2449,?b
?e  niece  ?b  ?e  sister  ?a   ,?a  nephew  ?b,0.564254062,0.370873786,0.380175159,1910,5150,5024,?b
?b  daughter  ?f  ?a  niece  ?f   ,?a  sister  ?b,0.204431737,0.268418583,0.339063426,572,2131,1687,?b
?f  aunt  ?a  ?b  daughter  ?f   ,?a  sister  ?b,0.124017155,0.163447951,0.203758074,347,2123,1703,?b
?b  daughter  ?f  ?f  mother  ?a   ,?a  sister  ?b,0.368834882,0.374319913,0.453626374,1032,2757,2275,?b
?a  daughter  ?f  ?b  daughter  ?f   ,?a  sister  ?b,0.476054325,0.613824885,0.782149149,1332,2170,1703,?b
?f  sister  ?a  ?b  sister  ?f   ,?a  sister  ?b,0.489278056,0.421749846,0.437799808,1369,3246,3127,?b
?a  sister  ?f  ?b  sister  ?f   ,?a  sister  ?b,0.523588277,0.623935264,0.68618267,1465,2348,2135,?b
?e  aunt  ?a  ?e  sister  ?b   ,?a  nephew  ?b,0.756573117,0.36486679,0.4005944,2561,7019,6393,?b
?e  brother  ?b  ?e  father  ?a   ,?a  nephew  ?b,0.428064993,0.370114943,0.415305245,1449,3915,3489,?b
?f  brother  ?a  ?b  sister  ?f   ,?a  sister  ?b,0.421372409,0.328229399,0.369476653,1179,3592,3191,?b
?b  brother  ?f  ?f  sister  ?a   ,?a  sister  ?b,0.350250179,0.308855972,0.325149303,980,3173,3014,?b
?f  brother  ?a  ?b  brother  ?f   ,?a  sister  ?b,0.36919228,0.22753304,0.279869954,1033,4540,3691,?b
?b  brother  ?f  ?a  wife  ?f   ,?a  sister  ?b,0.035382416,0.07826087,0.101851852,99,1265,972,?b
?b  brother  ?f  ?f  uncle  ?a   ,?a  nephew  ?b,0.505465288,0.337741808,0.373989071,1711,5066,4575,?b
?b  nephew  ?f  ?f  uncle  ?a   ,?a  sister  ?b,0.315582559,0.11903478,0.163306824,883,7418,5407,?b
?f  mother  ?a  ?b  nephew  ?f   ,?a  sister  ?b,0.092923517,0.11221407,0.155502392,260,2317,1672,?b
?f  aunt  ?a  ?b  nephew  ?f   ,?a  sister  ?b,0.285561115,0.12022269,0.162994696,799,6646,4902,?b
?f  father  ?a  ?b  nephew  ?f   ,?a  sister  ?b,0.13652609,0.118744172,0.166958042,382,3217,2288,?b
?b  brother  ?f  ?a  sister  ?f   ,?a  sister  ?b,0.441386705,0.613207547,0.645920502,1235,2014,1912,?b
?a  daughter  ?f  ?b  nephew  ?f   ,?a  sister  ?b,0.214796283,0.260285838,0.338400901,601,2309,1776,?b
?b  son  ?f  ?f  uncle  ?a   ,?a  sister  ?b,0.184060043,0.148073606,0.205015924,515,3478,2512,?b
?b  nephew  ?f  ?a  niece  ?f   ,?a  sister  ?b,0.355253753,0.292697291,0.369654147,994,3396,2689,?b
?f  mother  ?a  ?b  son  ?f   ,?a  sister  ?b,0.290207291,0.266229508,0.359133127,812,3050,2261,?b
?f  father  ?a  ?b  son  ?f   ,?a  sister  ?b,0.25196569,0.239877509,0.340086831,705,2939,2073,?b
?f  aunt  ?a  ?b  son  ?f   ,?a  sister  ?b,0.088992137,0.104446309,0.147337278,249,2384,1690,?b
?a  niece  ?f  ?b  son  ?f   ,?a  sister  ?b,0.155110793,0.224521469,0.301808067,434,1933,1438,?b
?a  daughter  ?f  ?b  son  ?f   ,?a  sister  ?b,0.383488206,0.73543523,0.798957558,1073,1459,1343,?b
?b  husband  ?f  ?f  sister  ?a   ,?a  sister  ?b,0.016440315,0.029562982,0.166666667,46,1556,276,?b
?b  husband  ?f  ?a  sister  ?f   ,?a  sister  ?b,0.014653324,0.051314143,0.301470588,41,799,136,?b
?b  aunt  ?f  ?f  nephew  ?a   ,?a  sister  ?b,0.332380272,0.253682488,0.288014865,930,3666,3229,?b
?a  aunt  ?f  ?b  aunt  ?f   ,?a  sister  ?b,0.369907076,0.460819234,0.5175,1035,2246,2000,?b
?b  daughter  ?f  ?f  father  ?a   ,?a  sister  ?b,0.344889207,0.357275083,0.461943514,965,2701,2089,?b
?b  aunt  ?f  ?f  daughter  ?a   ,?a  sister  ?b,0.073981415,0.167475728,0.190607735,207,1236,1086,?b
?f  mother  ?a  ?b  niece  ?f   ,?a  sister  ?b,0.082201573,0.126165661,0.163701068,230,1823,1405,?b
?b  niece  ?f  ?f  uncle  ?a   ,?a  sister  ?b,0.340957827,0.159026504,0.198957247,954,5999,4795,?b
?f  aunt  ?a  ?b  niece  ?f   ,?a  sister  ?b,0.318084346,0.154594407,0.193352162,890,5757,4603,?b
?b  aunt  ?f  ?a  mother  ?f   ,?a  sister  ?b,0.106504646,0.264653641,0.301010101,298,1126,990,?b
?f  father  ?a  ?b  niece  ?f   ,?a  sister  ?b,0.125446748,0.148414376,0.193495039,351,2365,1814,?b
?b  mother  ?f  ?f  nephew  ?a   ,?a  sister  ?b,0.077197999,0.11440678,0.32677761,216,1888,661,?b
?a  niece  ?f  ?b  niece  ?f   ,?a  sister  ?b,0.397069335,0.321191096,0.395514418,1111,3459,2809,?b
?a  daughter  ?f  ?b  niece  ?f   ,?a  sister  ?b,0.199070765,0.261379634,0.334534535,557,2131,1665,?b
?a  aunt  ?f  ?b  mother  ?f   ,?a  sister  ?b,0.108291637,0.269094139,0.590643275,303,1126,513,?b
?b  mother  ?f  ?f  sister  ?a   ,?a  nephew  ?b,0.037518464,0.096504559,0.326478149,127,1316,389,?b
?a  mother  ?f  ?b  mother  ?f   ,?a  sister  ?b,0.039671194,0.104519774,0.641618497,111,1062,173,?b
?f  husband  ?a  ?b  wife  ?f   ,?a  sister  ?b,0.056111508,0.170281996,0.730232558,157,922,215,?b
?a  sister  ?f  ?b  wife  ?f   ,?a  sister  ?b,0.018942102,0.069736842,0.294444444,53,760,180,?b
?b  mother  ?f  ?f  niece  ?a   ,?a  sister  ?b,0.060757684,0.111768573,0.295138889,170,1521,576,?b
?a  wife  ?f  ?b  wife  ?f   ,?a  sister  ?b,0.065046462,0.158123371,0.7109375,182,1151,256,?b
?f  daughter  ?a  ?b  mother  ?f   ,?a  sister  ?b,0.022873481,0.076009501,0.383233533,64,842,167,?b
?b  father  ?f  ?f  nephew  ?a   ,?a  sister  ?b,0.13080772,0.207365439,0.327956989,366,1765,1116,?b
?f  nephew  ?a  ?b  uncle  ?f   ,?a  sister  ?b,0.306647605,0.202980837,0.236754967,858,4227,3624,?b
?f  niece  ?a  ?b  uncle  ?f   ,?a  sister  ?b,0.260900643,0.199127114,0.226076185,730,3666,3229,?b
?f  daughter  ?a  ?b  uncle  ?f   ,?a  sister  ?b,0.058255897,0.111643836,0.136515913,163,1460,1194,?b
?a  aunt  ?f  ?b  father  ?f   ,?a  sister  ?b,0.160114367,0.434951456,0.685015291,448,1030,654,?b
?b  father  ?f  ?f  niece  ?a   ,?a  sister  ?b,0.095782702,0.208236208,0.31942789,268,1287,839,?b
?f  son  ?a  ?b  uncle  ?f   ,?a  sister  ?b,0.070764832,0.109090909,0.140525195,198,1815,1409,?b
?b  mother  ?f  ?f  son  ?a   ,?a  sister  ?b,0.027519657,0.071761417,0.366666667,77,1073,210,?b
?a  mother  ?f  ?b  uncle  ?f   ,?a  sister  ?b,0.085060758,0.176820208,0.225806452,238,1346,1054,?b
?f  husband  ?b  ?a  wife  ?f   ,?a  sister  ?b,0.056111508,0.170281996,0.720183486,157,922,218,?b
?f  daughter  ?b  ?a  mother  ?f   ,?a  sister  ?b,0.022873481,0.076009501,0.25,64,842,256,?b
?a  daughter  ?f  ?f  mother  ?b   ,?a  sister  ?b,0.676554682,0.686615887,0.786783042,1893,2757,2406,?b
?b  aunt  ?f  ?f  son  ?a   ,?a  sister  ?b,0.084345961,0.154957321,0.177844763,236,1523,1327,?b
?a  mother  ?f  ?f  nephew  ?b   ,?a  sister  ?b,0.143674053,0.212923729,0.258023107,402,1888,1558,?b
?a  daughter  ?f  ?f  uncle  ?b   ,?a  sister  ?b,0.4038599,0.363929147,0.457860616,1130,3105,2468,?b
?f  aunt  ?b  ?a  daughter  ?f   ,?a  sister  ?b,0.219799857,0.289684409,0.363260484,615,2123,1693,?b
?a  aunt  ?f  ?b  uncle  ?f   ,?a  sister  ?b,0.340600429,0.444703686,0.483756345,953,2143,1970,?b
?b  aunt  ?f  ?f  niece  ?a   ,?a  sister  ?b,0.280557541,0.243410853,0.274763738,785,3225,2857,?b
?e  brother  ?b  ?a  sister  ?e   ,?a  sister  ?b,0.83273767,0.648663697,0.709716723,2330,3592,3283,?b
?e  brother  ?a  ?e  brother  ?b   ,?a  sister  ?b,0.821658327,0.305312085,0.367193739,2299,7530,6261,?b
?a  mother  ?f  ?f  niece  ?b   ,?a  sister  ?b,0.118298785,0.217619987,0.249811321,331,1521,1325,?b
?a  mother  ?f  ?f  son  ?b   ,?a  sister  ?b,0.027519657,0.071761417,0.247588424,77,1073,311,?b
?a  niece  ?e  ?e  uncle  ?b   ,?a  sister  ?b,0.654038599,0.305050842,0.377086338,1830,5999,4853,?b
?e  husband  ?b  ?a  sister  ?e   ,?a  sister  ?b,0.014653324,0.062121212,0.282758621,41,660,145,?b
?a  aunt  ?e  ?e  nephew  ?b   ,?a  sister  ?b,0.625804146,0.477632297,0.522530588,1751,3666,3351,?b
?a  daughter  ?f  ?f  father  ?b   ,?a  sister  ?b,0.627948535,0.650499815,0.784024989,1757,2701,2241,?b
?e  aunt  ?b  ?e  mother  ?a   ,?a  sister  ?b,0.214081487,0.138209506,0.183236464,599,4334,3269,?b
?e  husband  ?a  ?e  husband  ?b   ,?a  sister  ?b,0.068620443,0.185507246,0.755905512,192,1035,254,?b
?e  aunt  ?b  ?a  niece  ?e   ,?a  sister  ?b,0.599714081,0.291471252,0.36047261,1678,5757,4655,?b
?a  sister  ?f  ?f  wife  ?b   ,?a  sister  ?b,0.018942102,0.074542897,0.344155844,53,711,154,?b
?e  father  ?b  ?a  niece  ?e   ,?a  sister  ?b,0.236954968,0.280338266,0.36751663,663,2365,1804,?b
?e  aunt  ?a  ?e  aunt  ?b   ,?a  sister  ?b,0.611150822,0.138652396,0.18066561,1710,12333,9465,?b
?e  sister  ?b  ?a  sister  ?e   ,?a  sister  ?b,0.91922802,0.792359827,0.792359827,2572,3246,3246,?b
?e  sister  ?a  ?e  wife  ?b   ,?a  sister  ?b,0.0192995,0.038516405,0.172523962,54,1402,313,?b
?e  uncle  ?a  ?e  uncle  ?b   ,?a  sister  ?b,0.690135811,0.14170397,0.185121273,1931,13627,10431,?b
?e  father  ?b  ?e  uncle  ?a   ,?a  sister  ?b,0.392423159,0.164150097,0.216781836,1098,6689,5065,?b
?f  mother  ?b  ?a  niece  ?f   ,?a  sister  ?b,0.156182988,0.239714756,0.302841303,437,1823,1443,?b
?e  sister  ?a  ?e  sister  ?b   ,?a  sister  ?b,0.889921372,0.378247,0.378247,2490,6583,6583,?b
?a  aunt  ?e  ?e  daughter  ?b   ,?a  sister  ?b,0.182273052,0.412621359,0.638297872,510,1236,799,?b
?e  daughter  ?b  ?e  niece  ?a   ,?a  sister  ?b,0.167619728,0.184864013,0.313712375,469,2537,1495,?b
?e  father  ?a  ?e  father  ?b   ,?a  sister  ?b,0.637240886,0.291960046,0.400584138,1783,6107,4451,?b
?a  aunt  ?e  ?e  son  ?b   ,?a  sister  ?b,0.22122945,0.406434668,0.655026455,619,1523,945,?b
?a  aunt  ?e  ?e  niece  ?b   ,?a  sister  ?b,0.538598999,0.467286822,0.500498173,1507,3225,3011,?b
?b  daughter  ?a  ?a  father  ?b   ,?a  uncle  ?b,0.055074971,0.2984375,0.618122977,191,640,309,?b
?e  daughter  ?a  ?e  niece  ?b   ,?a  sister  ?b,0.123659757,0.136381553,0.157846715,346,2537,2192,?b
?e  nephew  ?b  ?e  son  ?a   ,?a  sister  ?b,0.149035025,0.130190446,0.157834974,417,3203,2642,?b
?e  nephew  ?a  ?e  nephew  ?b   ,?a  sister  ?b,0.595425304,0.222044516,0.255599877,1666,7503,6518,?b
?e  niece  ?a  ?e  niece  ?b   ,?a  sister  ?b,0.50393138,0.220071796,0.244536941,1410,6407,5766,?b
?e  aunt  ?a  ?e  mother  ?b   ,?a  sister  ?b,0.205503931,0.132671897,0.176434489,575,4334,3259,?b
?e  son  ?a  ?e  son  ?b   ,?a  sister  ?b,0.031451036,0.045012788,0.161172161,88,1955,546,?b
?e  daughter  ?a  ?e  daughter  ?b   ,?a  sister  ?b,0.028234453,0.048555624,0.176339286,79,1627,448,?b
?a  father  ?b  ?b  nephew  ?a   ,?a  uncle  ?b,0.053344867,0.682656827,0.774058577,185,271,239,?b
?b  daughter  ?a  ?b  niece  ?a   ,?a  uncle  ?b,0.035755479,0.432055749,0.488188976,124,287,254,?b
?e  mother  ?a  ?e  mother  ?b   ,?a  sister  ?b,0.722301644,0.31299365,0.402189055,2021,6457,5025,?b
?f  brother  ?a  ?b  son  ?f   ,?a  uncle  ?b,0.252018454,0.406511628,0.445010183,874,2150,1964,?b
?b  husband  ?f  ?a  uncle  ?f   ,?a  uncle  ?b,0.011245675,0.043575419,0.146616541,39,895,266,?b
?b  son  ?f  ?f  wife  ?a   ,?a  uncle  ?b,0.07727797,0.386724387,0.58643326,268,693,457,?b
?a  father  ?b  ?b  niece  ?a   ,?a  uncle  ?b,0.033448674,0.734177215,0.828571429,116,158,140,?b
?a  husband  ?f  ?b  son  ?f   ,?a  uncle  ?b,0.074971165,0.398162328,0.611764706,260,653,425,?b
?a  uncle  ?f  ?b  wife  ?f   ,?a  uncle  ?b,0.012687428,0.042759961,0.176706827,44,1029,249,?b
?a  brother  ?f  ?b  son  ?f   ,?a  uncle  ?b,0.39071511,0.706096925,0.726541555,1355,1919,1865,?b
?f  nephew  ?a  ?b  wife  ?f   ,?a  uncle  ?b,0.012399077,0.025519288,0.106965174,43,1685,402,?b
?f  brother  ?a  ?b  daughter  ?f   ,?a  uncle  ?b,0.21366782,0.427582227,0.453488372,741,1733,1634,?b
?b  daughter  ?f  ?f  sister  ?a   ,?a  uncle  ?b,0.077854671,0.281543274,0.307867731,270,959,877,?b
?b  daughter  ?f  ?f  wife  ?a   ,?a  uncle  ?b,0.056805075,0.374524715,0.554929577,197,526,355,?b
?b  daughter  ?f  ?a  husband  ?f   ,?a  uncle  ?b,0.05449827,0.36770428,0.567567568,189,514,333,?b
?a  brother  ?f  ?b  daughter  ?f   ,?a  uncle  ?b,0.321222607,0.710912572,0.721035599,1114,1567,1545,?b
?e  father  ?a  ?e  uncle  ?b   ,?a  sister  ?b,0.377769836,0.158020631,0.20922407,1057,6689,5052,?b
?f  brother  ?a  ?b  niece  ?f   ,?a  uncle  ?b,0.366493656,0.384801695,0.394843119,1271,3303,3219,?b
?b  niece  ?f  ?f  sister  ?a   ,?a  uncle  ?b,0.322376009,0.356505102,0.375545852,1118,3136,2977,?b
?a  brother  ?f  ?b  niece  ?f   ,?a  uncle  ?b,0.405709343,0.616564417,0.633213321,1407,2282,2222,?b
?b  brother  ?f  ?f  niece  ?a   ,?a  uncle  ?b,0.32266436,0.411851307,0.435578046,1119,2717,2569,?b
?b  brother  ?f  ?f  daughter  ?a   ,?a  uncle  ?b,0.075836217,0.231107206,0.316105769,263,1138,832,?b
?b  brother  ?f  ?f  son  ?a   ,?a  uncle  ?b,0.093425606,0.192972007,0.263843648,324,1679,1228,?b
?b  brother  ?f  ?a  uncle  ?f   ,?a  uncle  ?b,0.504901961,0.663257576,0.700680272,1751,2640,2499,?b
?b  nephew  ?f  ?f  sister  ?a   ,?a  uncle  ?b,0.403114187,0.360588084,0.385017901,1398,3877,3631,?b
?f  brother  ?a  ?b  nephew  ?f   ,?a  uncle  ?b,0.498846597,0.405627198,0.419495635,1730,4265,4124,?b
?a  brother  ?f  ?b  nephew  ?f   ,?a  uncle  ?b,0.547577855,0.622827156,0.645259939,1899,3049,2943,?b
?a  husband  ?f  ?f  mother  ?b   ,?a  uncle  ?b,0.138119954,0.375981162,0.587009804,479,1274,816,?b
?f  niece  ?a  ?b  sister  ?f   ,?a  uncle  ?b,0.285755479,0.406314063,0.422601279,991,2439,2345,?b
?f  nephew  ?a  ?b  sister  ?f   ,?a  uncle  ?b,0.296136101,0.35984583,0.388279773,1027,2854,2645,?b
?b  sister  ?f  ?f  son  ?a   ,?a  uncle  ?b,0.067762399,0.207780725,0.279097387,235,1131,842,?b
?b  brother  ?f  ?f  nephew  ?a   ,?a  uncle  ?b,0.408592849,0.357918666,0.392956184,1417,3959,3606,?b
?f  daughter  ?a  ?b  sister  ?f   ,?a  uncle  ?b,0.064013841,0.211630124,0.288311688,222,1049,770,?b
?e  nephew  ?a  ?e  son  ?b   ,?a  sister  ?b,0.207290922,0.181080237,0.328611898,580,3203,1765,?b
?a  father  ?b  ?b  son  ?a   ,?a  uncle  ?b,0.076124567,0.344198175,0.647058824,264,767,408,?b
?f  sister  ?a  ?b  son  ?f   ,?a  uncle  ?b,0.10928489,0.331293706,0.363723608,379,1144,1042,?b
?b  sister  ?f  ?a  uncle  ?f   ,?a  uncle  ?b,0.37716263,0.691697515,0.714754098,1308,1891,1830,?b
?b  nephew  ?f  ?f  wife  ?a   ,?a  uncle  ?b,0.027681661,0.095427435,0.108474576,96,1006,885,?b
?a  brother  ?e  ?e  mother  ?b   ,?a  uncle  ?b,0.190599769,0.624763705,0.671747967,661,1058,984,?b
?f  brother  ?b  ?a  father  ?f   ,?a  uncle  ?b,0.159746251,0.4162284,0.575285566,554,1331,963,?b
?e  mother  ?b  ?e  sister  ?a   ,?a  uncle  ?b,0.179354095,0.290654206,0.322781526,622,2140,1927,?b
?a  brother  ?e  ?e  father  ?b   ,?a  uncle  ?b,0.587081892,0.715138743,0.72896527,2036,2847,2793,?b
?e  sister  ?b  ?a  uncle  ?e   ,?a  uncle  ?b,0.642156863,0.735468956,0.749075008,2227,3028,2973,?b
?e  niece  ?a  ?e  sister  ?b   ,?a  uncle  ?b,0.575259516,0.387378641,0.407392281,1995,5150,4897,?b
?e  aunt  ?b  ?a  brother  ?e   ,?a  uncle  ?b,0.726931949,0.716804094,0.751191895,2521,3517,3356,?b
?e  aunt  ?b  ?e  sister  ?a   ,?a  uncle  ?b,0.715109573,0.353326685,0.376842425,2480,7019,6581,?b
?e  husband  ?b  ?a  uncle  ?e   ,?a  uncle  ?b,0.011245675,0.039274924,0.157894737,39,993,247,?b
?b  brother  ?f  ?a  father  ?f   ,?a  uncle  ?b,0.108131488,0.381485249,0.536480687,375,983,699,?b
?e  mother  ?b  ?e  wife  ?a   ,?a  uncle  ?b,0.143886967,0.373223635,0.563205418,499,1337,886,?b
?e  husband  ?b  ?e  nephew  ?a   ,?a  uncle  ?b,0.012110727,0.026431718,0.110817942,42,1589,379,?b
?a  uncle  ?e  ?e  wife  ?b   ,?a  uncle  ?b,0.012687428,0.050984936,0.158844765,44,863,277,?b
?e  brother  ?b  ?a  uncle  ?e   ,?a  uncle  ?b,0.760092272,0.731612545,0.750569476,2636,3603,3512,?b
?e  niece  ?a  ?e  wife  ?b   ,?a  uncle  ?b,0.01355248,0.032503458,0.103070175,47,1446,456,?b
?e  brother  ?b  ?e  nephew  ?a   ,?a  uncle  ?b,0.700403691,0.389200449,0.413235794,2429,6241,5878,?b
?e  aunt  ?b  ?e  wife  ?a   ,?a  uncle  ?b,0.048154556,0.088735388,0.100420926,167,1882,1663,?b
?e  brother  ?b  ?e  son  ?a   ,?a  uncle  ?b,0.156574394,0.211201867,0.2896,543,2571,1875,?b
?b  daughter  ?f  ?f  uncle  ?a   ,?a  brother  ?b,0.153498871,0.175201288,0.206844106,544,3105,2630,?b
?a  father  ?f  ?b  sister  ?f   ,?a  uncle  ?b,0.078719723,0.394508671,0.551515152,273,692,495,?b
?a  father  ?f  ?f  sister  ?b   ,?a  uncle  ?b,0.132929642,0.442418426,0.604986877,461,1042,762,?b
?b  daughter  ?f  ?f  mother  ?a   ,?a  brother  ?b,0.253386005,0.325716358,0.371688742,898,2757,2416,?b
?e  brother  ?a  ?e  father  ?b   ,?a  uncle  ?b,0.474336794,0.420178799,0.454294394,1645,3915,3621,?b
?e  brother  ?a  ?e  uncle  ?b   ,?a  uncle  ?b,0.912053057,0.41035288,0.41035288,3163,7708,7708,?b
?b  daughter  ?f  ?f  father  ?a   ,?a  brother  ?b,0.23758465,0.311736394,0.38013544,842,2701,2215,?b
?f  mother  ?a  ?b  son  ?f   ,?a  brother  ?b,0.373871332,0.43442623,0.519607843,1325,3050,2550,?b
?f  father  ?a  ?b  son  ?f   ,?a  brother  ?b,0.364277652,0.439265056,0.541072925,1291,2939,2386,?b
?a  brother  ?f  ?f  uncle  ?b   ,?a  uncle  ?b,0.939734717,0.64330833,0.64330833,3259,5066,5066,?b
?f  aunt  ?a  ?b  son  ?f   ,?a  brother  ?b,0.111738149,0.166107383,0.209745763,396,2384,1888,?b
?b  husband  ?f  ?f  sister  ?a   ,?a  brother  ?b,0.02285553,0.052056555,0.257142857,81,1556,315,?b
?a  brother  ?f  ?b  husband  ?f   ,?a  brother  ?b,0.023419865,0.114325069,0.584507042,83,726,142,?b
?b  husband  ?f  ?f  wife  ?a   ,?a  brother  ?b,0.058408578,0.24939759,0.739285714,207,830,280,?b
?a  husband  ?f  ?b  husband  ?f   ,?a  brother  ?b,0.068284424,0.246185148,0.75862069,242,983,319,?b
?a  nephew  ?f  ?b  son  ?f   ,?a  brother  ?b,0.244920993,0.293938368,0.371257485,868,2953,2338,?b
?b  son  ?f  ?f  uncle  ?a   ,?a  brother  ?b,0.224040632,0.228292122,0.286539156,794,3478,2771,?b
?b  mother  ?f  ?f  niece  ?a   ,?a  brother  ?b,0.049379233,0.115055884,0.255847953,175,1521,684,?b
?b  mother  ?f  ?f  nephew  ?a   ,?a  brother  ?b,0.056151242,0.105402542,0.253503185,199,1888,785,?b
?a  son  ?f  ?b  son  ?f   ,?a  brother  ?b,0.50479684,0.665550595,0.826327945,1789,2688,2165,?b
?b  mother  ?f  ?a  uncle  ?f   ,?a  brother  ?b,0.071106095,0.187221397,0.475471698,252,1346,530,?b
?e  daughter  ?a  ?e  sister  ?b   ,?a  uncle  ?b,0.135236448,0.218342644,0.296835443,469,2148,1580,?b
?f  father  ?a  ?b  niece  ?f   ,?a  brother  ?b,0.087189616,0.130655391,0.155042649,309,2365,1993,?b
?b  niece  ?f  ?f  uncle  ?a   ,?a  brother  ?b,0.253386005,0.149691615,0.173158504,898,5999,5186,?b
?f  aunt  ?a  ?b  daughter  ?f   ,?a  brother  ?b,0.080417607,0.134243994,0.15208111,285,2123,1874,?b
?f  aunt  ?a  ?b  niece  ?f   ,?a  brother  ?b,0.228273138,0.140524579,0.162711183,809,5757,4972,?b
?b  father  ?f  ?f  nephew  ?a   ,?a  brother  ?b,0.171275395,0.343909348,0.498767461,607,1765,1217,?b
?b  niece  ?f  ?a  son  ?f   ,?a  brother  ?b,0.126128668,0.231246767,0.264184397,447,1933,1692,?b
?b  daughter  ?f  ?a  son  ?f   ,?a  brother  ?b,0.323645598,0.786154901,0.823402728,1147,1459,1393,?b
?a  nephew  ?f  ?b  niece  ?f   ,?a  brother  ?b,0.29006772,0.302709069,0.341074983,1028,3396,3014,?b
?a  brother  ?f  ?b  wife  ?f   ,?a  brother  ?b,0.026241535,0.073517787,0.268011527,93,1265,347,?b
?f  daughter  ?a  ?b  father  ?f   ,?a  brother  ?b,0.031884876,0.131855309,0.40647482,113,857,278,?b
?b  father  ?f  ?f  son  ?a   ,?a  brother  ?b,0.04768623,0.161877395,0.418316832,169,1044,404,?b
?b  daughter  ?f  ?a  nephew  ?f   ,?a  brother  ?b,0.175225734,0.268947596,0.307882995,621,2309,2017,?b
?a  father  ?f  ?b  father  ?f   ,?a  brother  ?b,0.065180587,0.220209724,0.780405405,231,1049,296,?b
?f  mother  ?a  ?b  nephew  ?f   ,?a  brother  ?b,0.119920993,0.183426845,0.220893971,425,2317,1924,?b
?f  aunt  ?a  ?b  nephew  ?f   ,?a  brother  ?b,0.334085779,0.178152272,0.216651418,1184,6646,5465,?b
?f  father  ?a  ?b  nephew  ?f   ,?a  brother  ?b,0.170711061,0.188063413,0.233952049,605,3217,2586,?b
?b  nephew  ?f  ?f  uncle  ?a   ,?a  brother  ?b,0.3998307,0.191021839,0.231422505,1417,7418,6123,?b
?b  nephew  ?f  ?a  son  ?f   ,?a  brother  ?b,0.242663657,0.291229258,0.35655058,860,2953,2412,?b
?b  aunt  ?f  ?f  nephew  ?a   ,?a  brother  ?b,0.223758465,0.216312057,0.236999402,793,3666,3346,?b
?a  nephew  ?f  ?b  nephew  ?f   ,?a  brother  ?b,0.456264108,0.326732673,0.399555226,1617,4949,4047,?b
?b  aunt  ?f  ?f  niece  ?a   ,?a  brother  ?b,0.19751693,0.217054264,0.233100233,700,3225,3003,?b
?b  aunt  ?f  ?f  daughter  ?a   ,?a  brother  ?b,0.075902935,0.21763754,0.239750446,269,1236,1122,?b
?b  aunt  ?f  ?f  son  ?a   ,?a  brother  ?b,0.094525959,0.219960604,0.248885587,335,1523,1346,?b
?b  aunt  ?f  ?a  uncle  ?f   ,?a  brother  ?b,0.259311512,0.428838077,0.453379378,919,2143,2027,?b
?f  brother  ?a  ?b  sister  ?f   ,?a  brother  ?b,0.30248307,0.29844098,0.311809191,1072,3592,3438,?b
?b  aunt  ?f  ?a  father  ?f   ,?a  brother  ?b,0.114277652,0.393203883,0.447019868,405,1030,906,?b
?f  sister  ?a  ?b  sister  ?f   ,?a  brother  ?b,0.29006772,0.316697474,0.349303432,1028,3246,2943,?b
?a  brother  ?f  ?b  sister  ?f   ,?a  brother  ?b,0.3501693,0.616186693,0.644675325,1241,2014,1925,?b
?f  mother  ?a  ?b  niece  ?f   ,?a  brother  ?b,0.059255079,0.115194734,0.134357006,210,1823,1563,?b
?f  niece  ?a  ?b  uncle  ?f   ,?a  brother  ?b,0.328442438,0.317512275,0.336903039,1164,3666,3455,?b
?f  nephew  ?a  ?b  uncle  ?f   ,?a  brother  ?b,0.39221219,0.32883842,0.349334004,1390,4227,3979,?b
?f  daughter  ?a  ?b  uncle  ?f   ,?a  brother  ?b,0.113713318,0.276027397,0.30007446,403,1460,1343,?b
?a  uncle  ?f  ?b  uncle  ?f   ,?a  brother  ?b,0.483916479,0.545136682,0.575117371,1715,3146,2982,?b
?a  husband  ?f  ?f  wife  ?b   ,?a  brother  ?b,0.058408578,0.24939759,0.739285714,207,830,280,?b
?f  son  ?a  ?b  uncle  ?f   ,?a  brother  ?b,0.146162528,0.285399449,0.306872038,518,1815,1688,?b
?a  father  ?f  ?b  uncle  ?f   ,?a  brother  ?b,0.18510158,0.52606255,0.566493955,656,1247,1158,?b
?b  father  ?f  ?f  niece  ?a   ,?a  brother  ?b,0.121049661,0.333333333,0.484745763,429,1287,885,?b
?b  father  ?f  ?a  uncle  ?f   ,?a  brother  ?b,0.2251693,0.639935846,0.838235294,798,1247,952,?b
?a  father  ?f  ?f  nephew  ?b   ,?a  brother  ?b,0.231941309,0.46572238,0.512788522,822,1765,1603,?b
?e  mother  ?b  ?a  son  ?e   ,?a  brother  ?b,0.618510158,0.718688525,0.81547619,2192,3050,2688,?b
?a  father  ?f  ?f  niece  ?b   ,?a  brother  ?b,0.161681716,0.445221445,0.485182049,573,1287,1181,?b
?e  mother  ?b  ?a  nephew  ?e   ,?a  brother  ?b,0.195823928,0.299525248,0.350328117,694,2317,1981,?b
?a  brother  ?e  ?e  wife  ?b   ,?a  brother  ?b,0.026241535,0.137777778,0.592356688,93,675,157,?b
?b  brother  ?f  ?f  sister  ?a   ,?a  brother  ?b,0.371049661,0.414434289,0.460273014,1315,3173,2857,?b
?e  aunt  ?a  ?e  mother  ?b   ,?a  brother  ?b,0.184537246,0.150899862,0.180165289,654,4334,3630,?b
?e  sister  ?a  ?e  wife  ?b   ,?a  brother  ?b,0.027934537,0.070613409,0.282857143,99,1402,350,?b
?e  wife  ?a  ?e  wife  ?b   ,?a  brother  ?b,0.07251693,0.269392034,0.758112094,257,954,339,?b
?a  father  ?f  ?f  son  ?b   ,?a  brother  ?b,0.04768623,0.161877395,0.5,169,1044,338,?b
?a  brother  ?e  ?e  sister  ?b   ,?a  brother  ?b,0.701185102,0.783170501,0.829162496,2485,3173,2997,?b
?e  sister  ?a  ?e  sister  ?b   ,?a  brother  ?b,0.677200903,0.364575422,0.40167364,2400,6583,5975,?b
?f  father  ?b  ?a  son  ?f   ,?a  brother  ?b,0.580981941,0.700578428,0.827239855,2059,2939,2489,?b
?f  aunt  ?b  ?a  son  ?f   ,?a  brother  ?b,0.189334086,0.281459732,0.328277886,671,2384,2044,?b
?e  father  ?b  ?a  nephew  ?e   ,?a  brother  ?b,0.281038375,0.309605222,0.383076923,996,3217,2600,?b
?a  son  ?f  ?f  uncle  ?b   ,?a  brother  ?b,0.367945824,0.37492812,0.441136671,1304,3478,2956,?b
?e  father  ?b  ?e  uncle  ?a   ,?a  brother  ?b,0.384875847,0.203916878,0.247146222,1364,6689,5519,?b
?e  niece  ?b  ?a  uncle  ?e   ,?a  brother  ?b,0.522291196,0.504909984,0.525702925,1851,3666,3521,?b
?e  daughter  ?b  ?a  uncle  ?e   ,?a  brother  ?b,0.193848758,0.470547945,0.693939394,687,1460,990,?b
?e  father  ?a  ?e  father  ?b   ,?a  brother  ?b,0.639108352,0.370885869,0.461397433,2265,6107,4909,?b
?e  daughter  ?a  ?e  niece  ?b   ,?a  brother  ?b,0.173532731,0.242412298,0.265086207,615,2537,2320,?b
?e  niece  ?a  ?e  niece  ?b   ,?a  brother  ?b,0.47996614,0.265490869,0.281157025,1701,6407,6050,?b
?e  daughter  ?b  ?e  niece  ?a   ,?a  brother  ?b,0.184255079,0.257390619,0.40308642,653,2537,1620,?b
?e  daughter  ?a  ?e  daughter  ?b   ,?a  brother  ?b,0.036963883,0.080516288,0.250957854,131,1627,522,?b
?e  brother  ?b  ?a  brother  ?e   ,?a  brother  ?b,0.944130926,0.737004405,0.737004405,3346,4540,4540,?b
?e  son  ?b  ?a  uncle  ?e   ,?a  brother  ?b,0.237302483,0.463360882,0.720034247,841,1815,1168,?b
?e  nephew  ?a  ?e  son  ?b   ,?a  brother  ?b,0.226297968,0.250390259,0.408766565,802,3203,1962,?b
?e  brother  ?a  ?e  brother  ?b   ,?a  brother  ?b,0.910553047,0.428552457,0.428552457,3227,7530,7530,?b
?e  son  ?a  ?e  son  ?b   ,?a  brother  ?b,0.054176072,0.098209719,0.289156627,192,1955,664,?b
?a  nephew  ?e  ?e  uncle  ?b   ,?a  brother  ?b,0.655191874,0.313022378,0.366940582,2322,7418,6328,?b
?e  father  ?a  ?e  uncle  ?b   ,?a  brother  ?b,0.393623025,0.208551353,0.248088209,1395,6689,5623,?b
?a  brother  ?f  ?f  husband  ?b   ,?a  brother  ?b,0.023419865,0.073451327,0.274834437,83,1130,302,?b
?e  uncle  ?a  ?e  uncle  ?b   ,?a  brother  ?b,0.689334086,0.179276436,0.211240813,2443,13627,11565,?b
?f  daughter  ?b  ?a  father  ?f   ,?a  brother  ?b,0.031884876,0.131855309,0.44140625,113,857,256,?b
?e  aunt  ?b  ?e  mother  ?a   ,?a  brother  ?b,0.183690745,0.15020766,0.177820268,651,4334,3661,?b
?f  brother  ?a  ?b  brother  ?f   ,?a  brother  ?b,0.551636569,0.43061674,0.454334185,1955,4540,4303,?b
?a  brother  ?f  ?b  brother  ?f   ,?a  brother  ?b,0.621049661,0.621400339,0.679111385,2201,3542,3241,?b
?e  aunt  ?b  ?a  nephew  ?e   ,?a  brother  ?b,0.571952596,0.304995486,0.359015232,2027,6646,5646,?b
?e  aunt  ?a  ?e  aunt  ?b   ,?a  brother  ?b,0.578160271,0.166139625,0.197799015,2049,12333,10359,?b
?e  nephew  ?b  ?a  uncle  ?e   ,?a  brother  ?b,0.607505643,0.509344689,0.5326571,2153,4227,4042,?b
?e  nephew  ?a  ?e  nephew  ?b   ,?a  brother  ?b,0.581546275,0.274690124,0.293673411,2061,7503,7018,?b
?e  nephew  ?b  ?e  son  ?a   ,?a  brother  ?b,0.224887133,0.248829223,0.273789076,797,3203,2911,?b
?e  mother  ?a  ?e  mother  ?b   ,?a  brother  ?b,0.689051919,0.378194208,0.444646759,2442,6457,5492,?b
